Biter.ID,ID,Suspect,incursions_best_0.95,incursions_best_0.975
0,1,Yes,FALSE,FALSE
1,2,Yes,FALSE,FALSE
1,3,Yes,FALSE,FALSE
1,4,Yes,FALSE,FALSE
3,7,Yes,FALSE,FALSE
3,8,Yes,FALSE,FALSE
0,9,Yes,FALSE,FALSE
0,10,Yes,TRUE,TRUE
0,11,Yes,FALSE,FALSE
0,12,Yes,FALSE,FALSE
0,13,Yes,FALSE,FALSE
0,14,Yes,TRUE,TRUE
10,15,Yes,FALSE,FALSE
0,17,Yes,FALSE,FALSE
10,18,Yes,FALSE,FALSE
1,19,Yes,FALSE,FALSE
0,26,Yes,FALSE,FALSE
0,31,Yes,TRUE,TRUE
0,33,Yes,TRUE,TRUE
0,35,Yes,FALSE,FALSE
0,36,Yes,FALSE,FALSE
0,39,Yes,FALSE,FALSE
0,41,Yes,FALSE,FALSE
0,42,Yes,FALSE,FALSE
42,43,Yes,FALSE,FALSE
0,44,Yes,FALSE,FALSE
0,48,Yes,FALSE,FALSE
0,53,Yes,FALSE,FALSE
0,56,Yes,FALSE,FALSE
17,58,Yes,FALSE,FALSE
0,61,Yes,FALSE,FALSE
61,63,Yes,FALSE,FALSE
0,69,Yes,FALSE,FALSE
0,70,Yes,FALSE,FALSE
44,75,Yes,FALSE,FALSE
86,85,Yes,FALSE,FALSE
0,86,Yes,FALSE,FALSE
0,88,Yes,FALSE,FALSE
0,90,Yes,FALSE,FALSE
150,91,Yes,FALSE,FALSE
0,99,Yes,FALSE,FALSE
0,102,Yes,FALSE,FALSE
0,104,Yes,FALSE,FALSE
157,105,Yes,FALSE,FALSE
0,106,Yes,FALSE,FALSE
0,112,Yes,FALSE,FALSE
0,117,Yes,FALSE,FALSE
0,118,Yes,TRUE,FALSE
0,125,Yes,FALSE,FALSE
0,127,Yes,FALSE,FALSE
0,128,Yes,FALSE,FALSE
128,129,Yes,FALSE,FALSE
0,131,Yes,TRUE,FALSE
0,132,Yes,FALSE,FALSE
0,150,Yes,FALSE,FALSE
105,151,Yes,FALSE,FALSE
0,153,Yes,TRUE,TRUE
10,157,Yes,FALSE,FALSE
105,161,Yes,FALSE,FALSE
105,164,Yes,FALSE,FALSE
157,165,Yes,FALSE,FALSE
0,169,Yes,FALSE,FALSE
0,170,Yes,FALSE,FALSE
172,171,Yes,FALSE,FALSE
0,172,Yes,FALSE,FALSE
0,173,Yes,FALSE,FALSE
17,174,Yes,FALSE,FALSE
10,176,Yes,FALSE,FALSE
0,178,Yes,FALSE,FALSE
0,179,Yes,FALSE,FALSE
0,180,Yes,TRUE,TRUE
0,182,Yes,FALSE,FALSE
0,183,Yes,TRUE,TRUE
191,188,Yes,FALSE,FALSE
0,191,Yes,FALSE,FALSE
0,193,Yes,TRUE,TRUE
0,196,Yes,TRUE,TRUE
196,197,Yes,FALSE,FALSE
196,198,Yes,FALSE,FALSE
196,199,Yes,FALSE,FALSE
0,200,Yes,FALSE,TRUE
0,202,Yes,FALSE,FALSE
0,205,Yes,FALSE,FALSE
208,207,Yes,FALSE,FALSE
0,208,Yes,FALSE,FALSE
0,210,Yes,FALSE,FALSE
0,212,Yes,TRUE,FALSE
0,215,Yes,FALSE,FALSE
0,217,Yes,FALSE,FALSE
219,218,Yes,FALSE,FALSE
0,219,Yes,FALSE,FALSE
0,220,Yes,FALSE,FALSE
223,221,Yes,FALSE,FALSE
0,223,Yes,FALSE,FALSE
0,224,Yes,TRUE,FALSE
0,229,Yes,FALSE,FALSE
231,230,Yes,FALSE,FALSE
0,231,Yes,TRUE,TRUE
0,234,Yes,TRUE,TRUE
238,235,Yes,FALSE,FALSE
0,238,Yes,TRUE,FALSE
238,240,Yes,FALSE,FALSE
0,241,Yes,FALSE,FALSE
241,242,Yes,FALSE,FALSE
241,249,Yes,FALSE,FALSE
0,250,Yes,FALSE,FALSE
0,251,Yes,FALSE,FALSE
0,252,Yes,FALSE,FALSE
262,254,Yes,FALSE,FALSE
262,257,Yes,FALSE,FALSE
262,260,Yes,FALSE,FALSE
0,262,Yes,FALSE,FALSE
0,263,Yes,FALSE,FALSE
262,269,Yes,FALSE,FALSE
0,270,Yes,FALSE,FALSE
270,272,Yes,FALSE,FALSE
0,280,Yes,FALSE,FALSE
0,290,Yes,FALSE,FALSE
241,317,Yes,FALSE,FALSE
317,323,Yes,FALSE,FALSE
0,333,Yes,FALSE,FALSE
0,336,Yes,FALSE,FALSE
0,337,Yes,FALSE,FALSE
0,338,Yes,FALSE,FALSE
338,339,Yes,FALSE,FALSE
0,342,Yes,FALSE,FALSE
0,343,Yes,FALSE,FALSE
348,347,Yes,FALSE,FALSE
0,348,Yes,FALSE,FALSE
347,349,Yes,FALSE,FALSE
0,351,Yes,TRUE,TRUE
354,352,Yes,FALSE,FALSE
354,353,Yes,FALSE,FALSE
0,354,Yes,FALSE,FALSE
0,356,Yes,FALSE,FALSE
0,357,Yes,TRUE,TRUE
1298,358,Yes,FALSE,FALSE
361,360,Yes,FALSE,FALSE
0,361,Yes,FALSE,FALSE
366,365,Yes,FALSE,FALSE
0,366,Yes,FALSE,FALSE
0,367,Yes,FALSE,FALSE
0,369,Yes,FALSE,FALSE
0,370,Yes,FALSE,FALSE
372,371,Yes,FALSE,FALSE
0,372,Yes,FALSE,FALSE
0,380,Yes,TRUE,FALSE
380,381,Yes,FALSE,FALSE
380,384,Yes,FALSE,FALSE
380,385,Yes,FALSE,FALSE
380,388,Yes,FALSE,FALSE
0,394,Yes,FALSE,FALSE
0,395,Yes,FALSE,FALSE
401,400,Yes,FALSE,FALSE
0,401,Yes,TRUE,FALSE
455,453,Yes,FALSE,FALSE
0,454,Yes,FALSE,FALSE
0,455,Yes,FALSE,FALSE
457,456,Yes,FALSE,FALSE
0,457,Yes,FALSE,FALSE
0,458,Yes,FALSE,FALSE
474,471,Yes,FALSE,FALSE
0,474,Yes,FALSE,FALSE
238,477,Yes,FALSE,FALSE
0,479,Yes,FALSE,FALSE
0,482,Yes,FALSE,FALSE
0,483,Yes,TRUE,FALSE
483,484,Yes,FALSE,FALSE
0,485,Yes,FALSE,FALSE
485,486,Yes,FALSE,FALSE
0,490,Yes,FALSE,FALSE
0,494,Yes,FALSE,FALSE
496,495,Yes,FALSE,FALSE
0,496,Yes,FALSE,FALSE
0,497,Yes,FALSE,FALSE
1179,498,Yes,FALSE,FALSE
0,501,Yes,FALSE,FALSE
0,502,Yes,FALSE,FALSE
505,504,Yes,FALSE,FALSE
0,505,Yes,FALSE,FALSE
0,506,Yes,FALSE,FALSE
0,507,Yes,FALSE,FALSE
0,508,Yes,FALSE,FALSE
508,509,Yes,FALSE,FALSE
508,510,Yes,FALSE,FALSE
0,511,Yes,FALSE,FALSE
0,512,Yes,FALSE,FALSE
519,514,Yes,FALSE,FALSE
517,515,Yes,FALSE,FALSE
0,516,Yes,FALSE,FALSE
516,517,Yes,FALSE,FALSE
517,518,Yes,FALSE,FALSE
517,519,Yes,FALSE,FALSE
0,524,Yes,FALSE,FALSE
517,526,Yes,FALSE,FALSE
0,530,Yes,FALSE,FALSE
530,532,Yes,FALSE,FALSE
530,533,Yes,FALSE,FALSE
530,535,Yes,FALSE,FALSE
0,554,Yes,FALSE,FALSE
0,618,Yes,FALSE,FALSE
0,619,Yes,FALSE,FALSE
0,620,Yes,FALSE,FALSE
625,624,Yes,FALSE,FALSE
0,625,Yes,FALSE,FALSE
630,626,Yes,FALSE,FALSE
626,627,Yes,FALSE,FALSE
626,628,Yes,FALSE,FALSE
0,630,Yes,FALSE,FALSE
636,633,Yes,FALSE,FALSE
0,636,Yes,FALSE,FALSE
0,637,Yes,FALSE,FALSE
0,638,Yes,FALSE,FALSE
0,643,Yes,FALSE,FALSE
0,644,Yes,FALSE,FALSE
665,664,Yes,FALSE,FALSE
0,665,Yes,FALSE,FALSE
0,666,Yes,FALSE,FALSE
666,667,Yes,FALSE,FALSE
666,668,Yes,FALSE,FALSE
0,669,Yes,FALSE,FALSE
669,670,Yes,FALSE,FALSE
669,671,Yes,FALSE,FALSE
665,673,Yes,FALSE,FALSE
665,676,Yes,FALSE,FALSE
0,681,Yes,FALSE,FALSE
0,683,Yes,FALSE,FALSE
0,685,Yes,FALSE,FALSE
0,690,Yes,FALSE,FALSE
0,691,Yes,FALSE,FALSE
0,692,Yes,FALSE,FALSE
519,695,Yes,FALSE,FALSE
0,697,Yes,FALSE,FALSE
498,698,Yes,FALSE,FALSE
498,699,Yes,FALSE,FALSE
498,714,Yes,FALSE,FALSE
498,715,Yes,FALSE,FALSE
0,716,Yes,FALSE,FALSE
0,718,Yes,FALSE,FALSE
262,719,Yes,FALSE,FALSE
262,720,Yes,FALSE,FALSE
0,722,Yes,FALSE,FALSE
728,726,Yes,FALSE,FALSE
728,727,Yes,FALSE,FALSE
0,728,Yes,FALSE,FALSE
0,729,Yes,FALSE,FALSE
33,730,Yes,FALSE,FALSE
0,732,Yes,FALSE,FALSE
754,753,Yes,FALSE,FALSE
0,754,Yes,FALSE,FALSE
754,755,Yes,FALSE,FALSE
754,756,Yes,FALSE,FALSE
782,758,Yes,FALSE,FALSE
758,780,Yes,FALSE,FALSE
782,781,Yes,FALSE,FALSE
0,782,Yes,FALSE,FALSE
787,786,Yes,FALSE,FALSE
0,787,Yes,FALSE,FALSE
0,796,Yes,FALSE,FALSE
796,798,Yes,FALSE,FALSE
796,799,Yes,FALSE,FALSE
796,800,Yes,FALSE,FALSE
0,801,Yes,FALSE,FALSE
821,819,Yes,FALSE,FALSE
821,820,Yes,FALSE,FALSE
0,825,Yes,FALSE,FALSE
829,827,Yes,FALSE,FALSE
0,829,Yes,FALSE,FALSE
0,831,Yes,FALSE,FALSE
354,832,Yes,FALSE,FALSE
354,833,Yes,FALSE,FALSE
354,834,Yes,FALSE,FALSE
0,837,Yes,FALSE,FALSE
497,840,Yes,FALSE,FALSE
497,843,Yes,FALSE,FALSE
0,845,Yes,FALSE,FALSE
847,846,Yes,FALSE,FALSE
0,847,Yes,FALSE,FALSE
0,849,Yes,FALSE,FALSE
0,851,Yes,FALSE,FALSE
0,853,Yes,FALSE,FALSE
0,858,Yes,FALSE,FALSE
853,859,Yes,FALSE,FALSE
0,881,Yes,TRUE,FALSE
0,882,Yes,FALSE,FALSE
0,883,Yes,FALSE,FALSE
0,885,Yes,FALSE,FALSE
0,887,Yes,FALSE,FALSE
890,889,Yes,FALSE,FALSE
0,890,Yes,FALSE,FALSE
889,893,Yes,FALSE,FALSE
0,896,Yes,FALSE,FALSE
0,897,Yes,FALSE,FALSE
897,898,Yes,FALSE,FALSE
0,899,Yes,FALSE,FALSE
915,914,Yes,FALSE,FALSE
0,915,Yes,FALSE,FALSE
0,918,Yes,FALSE,FALSE
0,919,Yes,FALSE,FALSE
0,921,Yes,FALSE,FALSE
926,922,Yes,FALSE,FALSE
0,923,Yes,TRUE,TRUE
0,924,Yes,FALSE,FALSE
0,926,Yes,FALSE,FALSE
0,927,Yes,FALSE,FALSE
0,928,Yes,TRUE,TRUE
928,929,Yes,FALSE,FALSE
0,930,Yes,FALSE,FALSE
0,931,Yes,FALSE,FALSE
941,940,Yes,FALSE,FALSE
0,941,Yes,FALSE,FALSE
0,948,Yes,FALSE,FALSE
0,949,Yes,FALSE,FALSE
0,950,Yes,FALSE,FALSE
0,951,Yes,FALSE,FALSE
0,952,Yes,FALSE,FALSE
952,953,Yes,FALSE,FALSE
953,954,Yes,FALSE,FALSE
0,957,Yes,FALSE,FALSE
963,962,Yes,FALSE,FALSE
0,963,Yes,FALSE,FALSE
0,967,Yes,FALSE,FALSE
0,968,Yes,FALSE,FALSE
0,969,Yes,FALSE,FALSE
0,976,Yes,FALSE,FALSE
0,979,Yes,FALSE,FALSE
0,982,Yes,FALSE,FALSE
0,983,Yes,FALSE,FALSE
517,998,Yes,FALSE,FALSE
517,999,Yes,FALSE,FALSE
889,1000,Yes,FALSE,FALSE
0,1001,Yes,FALSE,FALSE
1001,1002,Yes,FALSE,FALSE
0,1007,Yes,FALSE,FALSE
1007,1008,Yes,FALSE,FALSE
1007,1009,Yes,FALSE,FALSE
1007,1011,Yes,FALSE,FALSE
1007,1012,Yes,FALSE,FALSE
1011,1013,Yes,FALSE,FALSE
0,1017,Yes,FALSE,FALSE
0,1019,Yes,FALSE,FALSE
0,1021,Yes,FALSE,FALSE
0,1023,Yes,FALSE,FALSE
0,1033,Yes,FALSE,FALSE
1038,1036,Yes,FALSE,FALSE
1038,1037,Yes,FALSE,FALSE
0,1038,Yes,FALSE,FALSE
0,1039,Yes,FALSE,FALSE
0,1040,Yes,FALSE,FALSE
0,1044,Yes,FALSE,FALSE
0,1058,Yes,FALSE,FALSE
0,1063,Yes,FALSE,FALSE
0,1064,Yes,TRUE,FALSE
0,1066,Yes,TRUE,TRUE
1066,1067,Yes,FALSE,FALSE
0,1069,Yes,TRUE,TRUE
0,1071,Yes,FALSE,FALSE
0,1072,Yes,TRUE,TRUE
0,1079,Yes,FALSE,FALSE
0,1081,Yes,FALSE,FALSE
1081,1082,Yes,FALSE,FALSE
1082,1088,Yes,FALSE,FALSE
0,1094,Yes,FALSE,FALSE
1097,1096,Yes,FALSE,FALSE
0,1097,Yes,FALSE,FALSE
0,1098,Yes,FALSE,FALSE
0,1099,Yes,FALSE,FALSE
0,1100,Yes,FALSE,FALSE
0,1101,Yes,FALSE,FALSE
1105,1104,Yes,FALSE,FALSE
0,1105,Yes,TRUE,FALSE
0,1120,Yes,FALSE,FALSE
0,1121,Yes,FALSE,FALSE
1121,1122,Yes,FALSE,FALSE
1125,1124,Yes,FALSE,FALSE
0,1125,Yes,FALSE,FALSE
1131,1130,Yes,FALSE,FALSE
0,1133,Yes,FALSE,FALSE
0,1135,Yes,FALSE,FALSE
0,1137,Yes,FALSE,FALSE
1153,1138,Yes,FALSE,FALSE
1154,1153,Yes,FALSE,FALSE
0,1154,Yes,FALSE,FALSE
0,1155,Yes,FALSE,FALSE
0,1158,Yes,FALSE,FALSE
457,1159,Yes,FALSE,FALSE
218,1160,Yes,FALSE,FALSE
0,1161,Yes,FALSE,FALSE
0,1162,Yes,FALSE,FALSE
0,1170,Yes,FALSE,FALSE
0,1171,Yes,TRUE,TRUE
0,1172,Yes,FALSE,FALSE
0,1177,Yes,FALSE,FALSE
0,1178,Yes,FALSE,FALSE
0,1179,Yes,FALSE,FALSE
0,1180,Yes,FALSE,FALSE
1178,1181,Yes,FALSE,FALSE
1181,1182,Yes,FALSE,FALSE
0,1184,Yes,FALSE,FALSE
0,1185,Yes,FALSE,FALSE
0,1186,Yes,FALSE,FALSE
1186,1187,Yes,FALSE,FALSE
1187,1189,Yes,FALSE,FALSE
1194,1192,Yes,FALSE,FALSE
1194,1193,Yes,FALSE,FALSE
0,1194,Yes,FALSE,FALSE
502,1197,Yes,FALSE,FALSE
502,1198,Yes,FALSE,FALSE
502,1200,Yes,FALSE,FALSE
1209,1207,Yes,FALSE,FALSE
0,1209,Yes,FALSE,FALSE
1216,1213,Yes,FALSE,FALSE
1216,1214,Yes,FALSE,FALSE
1216,1215,Yes,FALSE,FALSE
0,1216,Yes,FALSE,FALSE
1219,1217,Yes,FALSE,FALSE
0,1219,Yes,FALSE,FALSE
238,1220,Yes,FALSE,FALSE
0,1228,Yes,FALSE,FALSE
0,1230,Yes,FALSE,FALSE
0,1235,Yes,FALSE,FALSE
0,1236,Yes,FALSE,FALSE
0,1242,Yes,FALSE,FALSE
1246,1245,Yes,FALSE,FALSE
0,1246,Yes,FALSE,FALSE
0,1250,Yes,FALSE,FALSE
1252,1251,Yes,FALSE,FALSE
0,1252,Yes,FALSE,FALSE
1254,1253,Yes,FALSE,FALSE
0,1254,Yes,FALSE,FALSE
0,1259,Yes,FALSE,FALSE
0,1260,Yes,FALSE,FALSE
0,1261,Yes,FALSE,FALSE
0,1262,Yes,FALSE,FALSE
0,1266,Yes,FALSE,FALSE
1266,1267,Yes,FALSE,FALSE
0,1270,Yes,FALSE,FALSE
0,1274,Yes,FALSE,FALSE
0,1287,Yes,FALSE,FALSE
1287,1290,Yes,FALSE,FALSE
0,1294,Yes,FALSE,FALSE
0,1295,Yes,FALSE,FALSE
358,1296,Yes,FALSE,FALSE
0,1298,Yes,FALSE,FALSE
0,1299,Yes,FALSE,FALSE
0,1300,Yes,TRUE,TRUE
0,1319,Yes,FALSE,FALSE
0,1326,Yes,FALSE,FALSE
0,1333,Yes,FALSE,FALSE
0,1338,Yes,FALSE,FALSE
1338,1339,Yes,FALSE,FALSE
0,1341,Yes,TRUE,FALSE
0,1342,Yes,FALSE,FALSE
0,1349,Yes,FALSE,FALSE
0,1350,Yes,FALSE,FALSE
0,1351,Yes,TRUE,TRUE
0,1353,Yes,FALSE,FALSE
1353,1354,Yes,FALSE,FALSE
0,1355,Yes,FALSE,FALSE
0,1356,Yes,FALSE,FALSE
1356,1357,Yes,FALSE,FALSE
0,1359,Yes,FALSE,FALSE
0,1361,Yes,FALSE,FALSE
1364,1362,Yes,FALSE,FALSE
0,1364,Yes,FALSE,FALSE
0,1367,Yes,FALSE,FALSE
1367,1368,Yes,FALSE,FALSE
0,1371,Yes,FALSE,FALSE
1367,1372,Yes,FALSE,FALSE
0,1374,Yes,FALSE,FALSE
0,1379,Yes,FALSE,FALSE
0,1380,Yes,FALSE,FALSE
1383,1381,Yes,FALSE,FALSE
1383,1382,Yes,FALSE,FALSE
0,1383,Yes,FALSE,FALSE
0,1388,Yes,FALSE,FALSE
0,1389,Yes,FALSE,FALSE
0,1392,Yes,FALSE,FALSE
1392,1393,Yes,FALSE,FALSE
0,1394,Yes,FALSE,FALSE
0,1398,Yes,FALSE,FALSE
0,1400,Yes,FALSE,FALSE
0,1403,Yes,FALSE,FALSE
0,1404,Yes,TRUE,FALSE
0,1422,Yes,FALSE,FALSE
0,1426,Yes,FALSE,FALSE
0,1429,Yes,FALSE,FALSE
1429,1430,Yes,FALSE,FALSE
0,1431,Yes,FALSE,FALSE
0,1433,Yes,FALSE,FALSE
0,1435,Yes,FALSE,FALSE
0,1440,Yes,FALSE,FALSE
0,1441,Yes,FALSE,FALSE
0,1443,Yes,FALSE,FALSE
0,1444,Yes,FALSE,FALSE
514,1447,Yes,FALSE,FALSE
0,1456,Yes,FALSE,FALSE
0,1457,Yes,FALSE,FALSE
1457,1458,Yes,FALSE,FALSE
1458,1459,Yes,FALSE,FALSE
0,1460,Yes,FALSE,FALSE
1460,1461,Yes,FALSE,FALSE
1460,1462,Yes,FALSE,FALSE
0,1463,Yes,FALSE,FALSE
0,1466,Yes,FALSE,FALSE
0,1469,Yes,FALSE,FALSE
0,1472,Yes,FALSE,FALSE
962,1473,Yes,FALSE,FALSE
962,1474,Yes,FALSE,FALSE
1000,1475,Yes,FALSE,FALSE
0,1479,Yes,FALSE,FALSE
0,1480,Yes,FALSE,FALSE
0,1484,Yes,FALSE,FALSE
1484,1485,Yes,FALSE,FALSE
1485,1486,Yes,FALSE,FALSE
0,1488,Yes,FALSE,FALSE
1488,1489,Yes,FALSE,FALSE
0,1490,Yes,FALSE,FALSE
0,1493,Yes,FALSE,FALSE
1493,1494,Yes,FALSE,FALSE
1493,1495,Yes,FALSE,FALSE
0,1497,Yes,FALSE,FALSE
1497,1498,Yes,FALSE,FALSE
0,1499,Yes,FALSE,FALSE
1499,1500,Yes,FALSE,FALSE
0,1501,Yes,FALSE,FALSE
1501,1502,Yes,FALSE,FALSE
0,1504,Yes,FALSE,FALSE
0,1505,Yes,FALSE,FALSE
1505,1506,Yes,FALSE,FALSE
889,1507,Yes,FALSE,FALSE
0,1508,Yes,FALSE,FALSE
1923,1548,Yes,FALSE,FALSE
0,1549,Yes,FALSE,FALSE
0,1550,Yes,FALSE,FALSE
0,1551,Yes,FALSE,FALSE
1551,1552,Yes,FALSE,FALSE
0,1556,Yes,TRUE,FALSE
0,1557,Yes,FALSE,FALSE
0,1558,Yes,FALSE,FALSE
0,1559,Yes,FALSE,FALSE
1559,1560,Yes,FALSE,FALSE
0,1562,Yes,FALSE,FALSE
0,1563,Yes,TRUE,FALSE
1566,1564,Yes,FALSE,FALSE
0,1566,Yes,FALSE,FALSE
1573,1571,Yes,FALSE,FALSE
0,1573,Yes,FALSE,FALSE
1040,1574,Yes,FALSE,FALSE
0,1575,Yes,FALSE,FALSE
0,1576,Yes,FALSE,FALSE
1580,1579,Yes,FALSE,FALSE
0,1580,Yes,FALSE,FALSE
1580,1581,Yes,FALSE,FALSE
1579,1582,Yes,FALSE,FALSE
0,1583,Yes,FALSE,FALSE
0,1584,Yes,FALSE,FALSE
1592,1591,Yes,FALSE,FALSE
0,1592,Yes,FALSE,FALSE
0,1593,Yes,FALSE,FALSE
0,1595,Yes,FALSE,FALSE
1599,1597,Yes,FALSE,FALSE
1597,1598,Yes,FALSE,FALSE
0,1599,Yes,FALSE,FALSE
0,1606,Yes,FALSE,FALSE
1606,1609,Yes,FALSE,FALSE
0,1610,Yes,FALSE,FALSE
0,1611,Yes,TRUE,FALSE
0,1612,Yes,FALSE,FALSE
0,1616,Yes,FALSE,FALSE
0,1620,Yes,FALSE,FALSE
0,1623,Yes,FALSE,FALSE
1623,1624,Yes,FALSE,FALSE
0,1627,Yes,FALSE,FALSE
1627,1628,Yes,FALSE,FALSE
1039,1635,Yes,FALSE,FALSE
0,1638,Yes,FALSE,FALSE
0,1640,Yes,FALSE,FALSE
0,1641,Yes,FALSE,FALSE
0,1642,Yes,FALSE,FALSE
0,1646,Yes,FALSE,FALSE
0,1676,Yes,FALSE,FALSE
0,1677,Yes,FALSE,FALSE
0,1678,Yes,FALSE,FALSE
0,1679,Yes,FALSE,FALSE
0,1704,Yes,FALSE,FALSE
1704,1705,Yes,FALSE,FALSE
0,1706,Yes,FALSE,FALSE
1706,1707,Yes,FALSE,FALSE
1606,1709,Yes,FALSE,FALSE
1606,1710,Yes,FALSE,FALSE
0,1716,Yes,FALSE,FALSE
0,1722,Yes,FALSE,FALSE
0,1724,Yes,FALSE,FALSE
0,1725,Yes,FALSE,FALSE
0,1727,Yes,FALSE,FALSE
0,1728,Yes,FALSE,FALSE
0,1729,Yes,FALSE,FALSE
1754,1730,Yes,FALSE,FALSE
0,1754,Yes,FALSE,FALSE
0,1759,Yes,FALSE,FALSE
0,1796,Yes,FALSE,FALSE
1796,1797,Yes,FALSE,FALSE
0,1798,Yes,FALSE,FALSE
0,1799,Yes,FALSE,FALSE
1799,1800,Yes,FALSE,FALSE
1799,1801,Yes,FALSE,FALSE
1895,1807,Yes,FALSE,FALSE
1809,1808,Yes,FALSE,FALSE
0,1809,Yes,FALSE,FALSE
0,1810,Yes,FALSE,FALSE
1809,1811,Yes,FALSE,FALSE
0,1812,Yes,FALSE,FALSE
1812,1813,Yes,FALSE,FALSE
1809,1819,Yes,FALSE,FALSE
0,1822,Yes,FALSE,FALSE
0,1837,Yes,FALSE,FALSE
0,1844,Yes,FALSE,FALSE
0,1845,Yes,FALSE,FALSE
0,1847,Yes,FALSE,FALSE
0,1851,Yes,FALSE,FALSE
0,1852,Yes,FALSE,FALSE
0,1856,Yes,FALSE,FALSE
1867,1859,Yes,FALSE,FALSE
0,1865,Yes,FALSE,FALSE
1876,1867,Yes,FALSE,FALSE
1859,1868,Yes,FALSE,FALSE
1876,1871,Yes,FALSE,FALSE
1876,1872,Yes,FALSE,FALSE
1876,1873,Yes,FALSE,FALSE
0,1876,Yes,FALSE,FALSE
0,1886,Yes,FALSE,FALSE
1886,1887,Yes,FALSE,FALSE
0,1888,Yes,FALSE,FALSE
0,1892,Yes,TRUE,TRUE
0,1894,Yes,FALSE,FALSE
0,1895,Yes,FALSE,FALSE
1897,1896,Yes,FALSE,FALSE
0,1897,Yes,FALSE,FALSE
0,1905,Yes,FALSE,FALSE
0,1906,Yes,FALSE,FALSE
1906,1907,Yes,FALSE,FALSE
1907,1908,Yes,FALSE,FALSE
0,1909,Yes,FALSE,FALSE
1909,1912,Yes,FALSE,FALSE
0,1913,Yes,FALSE,FALSE
0,1914,Yes,FALSE,FALSE
0,1915,Yes,FALSE,FALSE
0,1919,Yes,FALSE,FALSE
0,1921,Yes,FALSE,FALSE
0,1922,Yes,FALSE,FALSE
1924,1923,Yes,FALSE,FALSE
0,1924,Yes,FALSE,FALSE
0,1925,Yes,FALSE,FALSE
0,1930,Yes,TRUE,TRUE
0,1932,Yes,FALSE,FALSE
1932,1933,Yes,FALSE,FALSE
0,1934,Yes,FALSE,FALSE
0,1935,Yes,FALSE,FALSE
1937,1936,Yes,FALSE,FALSE
0,1937,Yes,FALSE,FALSE
0,1938,Yes,FALSE,FALSE
0,1939,Yes,FALSE,FALSE
0,1940,Yes,FALSE,FALSE
0,1941,Yes,FALSE,FALSE
0,1942,Yes,FALSE,FALSE
0,1943,Yes,FALSE,FALSE
0,1944,Yes,FALSE,FALSE
0,1945,Yes,FALSE,FALSE
0,1946,Yes,FALSE,FALSE
0,1947,Yes,FALSE,FALSE
0,1948,Yes,FALSE,FALSE
0,1953,Yes,FALSE,FALSE
0,1954,Yes,FALSE,FALSE
1809,1955,Yes,FALSE,FALSE
0,1956,Yes,TRUE,TRUE
0,1957,Yes,TRUE,TRUE
0,1960,Yes,TRUE,FALSE
0,1964,Yes,FALSE,FALSE
0,1968,Yes,FALSE,FALSE
0,1969,Yes,FALSE,FALSE
0,1971,Yes,FALSE,FALSE
0,1972,Yes,FALSE,FALSE
0,1974,Yes,FALSE,FALSE
0,1977,Yes,TRUE,TRUE
0,1979,Yes,FALSE,FALSE
0,1980,Yes,TRUE,FALSE
0,1981,Yes,TRUE,FALSE
0,1982,Yes,FALSE,FALSE
0,1983,Yes,FALSE,FALSE
0,1984,Yes,FALSE,FALSE
0,1987,Yes,FALSE,FALSE
0,1988,Yes,FALSE,FALSE
0,1990,Yes,TRUE,TRUE
0,1993,Yes,FALSE,FALSE
0,1995,Yes,FALSE,FALSE
1999,1996,Yes,FALSE,FALSE
1995,1999,Yes,FALSE,FALSE
1995,2000,Yes,FALSE,FALSE
0,2002,Yes,FALSE,FALSE
2005,2004,Yes,FALSE,FALSE
0,2005,Yes,FALSE,TRUE
0,2007,Yes,FALSE,FALSE
0,2009,Yes,FALSE,FALSE
0,2012,Yes,TRUE,TRUE
0,2015,Yes,FALSE,FALSE
0,2016,Yes,FALSE,FALSE
0,2018,Yes,TRUE,FALSE
0,2019,Yes,FALSE,FALSE
0,2028,Yes,FALSE,FALSE
2030,2029,Yes,FALSE,FALSE
0,2030,Yes,FALSE,FALSE
0,2031,Yes,FALSE,FALSE
0,2032,Yes,FALSE,FALSE
2035,2033,Yes,FALSE,FALSE
0,2035,Yes,FALSE,FALSE
0,2060,Yes,FALSE,FALSE
0,2061,Yes,FALSE,FALSE
0,2063,Yes,TRUE,TRUE
3255,2064,Yes,FALSE,FALSE
1171,2074,Yes,FALSE,FALSE
0,2077,Yes,FALSE,FALSE
0,2078,Yes,FALSE,FALSE
0,2080,Yes,FALSE,FALSE
0,2087,Yes,FALSE,FALSE
2087,2090,Yes,FALSE,FALSE
1968,2095,Yes,FALSE,FALSE
0,2096,Yes,FALSE,FALSE
0,2097,Yes,FALSE,FALSE
0,2098,Yes,FALSE,FALSE
0,2099,Yes,FALSE,FALSE
0,2100,Yes,FALSE,FALSE
0,2101,Yes,FALSE,FALSE
0,2103,Yes,FALSE,FALSE
0,2104,Yes,FALSE,FALSE
0,2106,Yes,FALSE,FALSE
0,2107,Yes,FALSE,FALSE
0,2108,Yes,FALSE,FALSE
0,2109,Yes,FALSE,FALSE
0,2112,Yes,FALSE,FALSE
2114,2113,Yes,FALSE,FALSE
0,2114,Yes,FALSE,FALSE
0,2117,Yes,FALSE,FALSE
2179,2118,Yes,FALSE,FALSE
0,2119,Yes,FALSE,FALSE
0,2120,Yes,FALSE,FALSE
0,2124,Yes,FALSE,FALSE
0,2125,Yes,FALSE,FALSE
0,2128,Yes,FALSE,FALSE
0,2133,Yes,FALSE,FALSE
0,2134,Yes,FALSE,FALSE
0,2144,Yes,FALSE,FALSE
0,2145,Yes,TRUE,FALSE
0,2146,Yes,FALSE,FALSE
2148,2147,Yes,FALSE,FALSE
0,2148,Yes,FALSE,FALSE
0,2149,Yes,FALSE,FALSE
0,2153,Yes,FALSE,FALSE
0,2154,Yes,FALSE,FALSE
2156,2155,Yes,FALSE,FALSE
0,2156,Yes,TRUE,FALSE
2156,2157,Yes,FALSE,FALSE
2156,2159,Yes,FALSE,FALSE
0,2161,Yes,FALSE,FALSE
2166,2164,Yes,FALSE,FALSE
0,2165,Yes,TRUE,TRUE
0,2166,Yes,FALSE,FALSE
0,2167,Yes,FALSE,FALSE
0,2168,Yes,FALSE,FALSE
1886,2170,Yes,FALSE,FALSE
1886,2171,Yes,FALSE,FALSE
2176,2174,Yes,FALSE,FALSE
0,2175,Yes,TRUE,TRUE
2175,2176,Yes,FALSE,FALSE
2118,2178,Yes,FALSE,FALSE
0,2179,Yes,FALSE,FALSE
0,2184,Yes,FALSE,FALSE
0,2186,Yes,FALSE,FALSE
0,2187,Yes,FALSE,FALSE
0,2189,Yes,FALSE,FALSE
0,2190,Yes,FALSE,FALSE
0,2193,Yes,FALSE,FALSE
0,2202,Yes,FALSE,FALSE
0,2204,Yes,FALSE,FALSE
0,2209,Yes,FALSE,FALSE
0,2229,Yes,FALSE,FALSE
2229,2230,Yes,FALSE,FALSE
2232,2231,Yes,FALSE,FALSE
0,2232,Yes,FALSE,FALSE
0,2233,Yes,FALSE,FALSE
2233,2234,Yes,FALSE,FALSE
2233,2235,Yes,FALSE,FALSE
2237,2236,Yes,FALSE,FALSE
0,2237,Yes,FALSE,FALSE
2155,2238,Yes,FALSE,FALSE
0,2240,Yes,FALSE,FALSE
2242,2241,Yes,FALSE,FALSE
0,2242,Yes,FALSE,FALSE
0,2243,Yes,TRUE,TRUE
0,2244,Yes,TRUE,TRUE
2246,2245,Yes,FALSE,FALSE
0,2246,Yes,TRUE,TRUE
0,2247,Yes,FALSE,FALSE
0,2248,Yes,FALSE,FALSE
0,2250,Yes,FALSE,FALSE
0,2258,Yes,TRUE,TRUE
0,2261,Yes,FALSE,FALSE
0,2262,Yes,FALSE,FALSE
262,2265,Yes,FALSE,FALSE
722,2266,Yes,FALSE,FALSE
0,2268,Yes,FALSE,FALSE
0,2273,Yes,FALSE,FALSE
0,2274,Yes,FALSE,FALSE
0,2275,Yes,TRUE,FALSE
2275,2276,Yes,FALSE,FALSE
2275,2278,Yes,FALSE,FALSE
0,2340,Yes,FALSE,FALSE
0,2343,Yes,FALSE,FALSE
2343,2344,Yes,FALSE,FALSE
0,2345,Yes,FALSE,FALSE
0,2351,Yes,FALSE,FALSE
0,2353,Yes,FALSE,FALSE
0,2354,Yes,FALSE,FALSE
0,2355,Yes,FALSE,FALSE
0,2357,Yes,TRUE,FALSE
0,2358,Yes,FALSE,FALSE
2363,2359,Yes,FALSE,FALSE
0,2363,Yes,FALSE,FALSE
0,2365,Yes,FALSE,FALSE
0,2368,Yes,FALSE,FALSE
0,2369,Yes,FALSE,FALSE
0,2371,Yes,FALSE,FALSE
0,2372,Yes,FALSE,FALSE
0,2374,Yes,FALSE,FALSE
0,2376,Yes,FALSE,FALSE
2376,2381,Yes,FALSE,FALSE
2376,2382,Yes,FALSE,FALSE
0,2383,Yes,TRUE,FALSE
2383,2388,Yes,FALSE,FALSE
0,2397,Yes,TRUE,TRUE
0,2406,Yes,FALSE,FALSE
2383,2407,Yes,FALSE,FALSE
0,2413,Yes,FALSE,FALSE
0,2421,Yes,TRUE,TRUE
2421,2427,Yes,FALSE,FALSE
0,2432,Yes,TRUE,FALSE
0,2433,Yes,FALSE,FALSE
0,2434,Yes,FALSE,FALSE
2434,2435,Yes,FALSE,FALSE
0,2437,Yes,FALSE,FALSE
0,2438,Yes,FALSE,FALSE
0,2448,Yes,FALSE,FALSE
0,2450,Yes,FALSE,FALSE
2450,2451,Yes,FALSE,FALSE
2450,2452,Yes,FALSE,FALSE
2450,2453,Yes,FALSE,FALSE
0,2454,Yes,FALSE,FALSE
0,2455,Yes,FALSE,FALSE
0,2456,Yes,FALSE,FALSE
2456,2459,Yes,FALSE,FALSE
0,2465,Yes,FALSE,FALSE
2465,2466,Yes,FALSE,FALSE
2465,2467,Yes,FALSE,FALSE
0,2475,Yes,FALSE,FALSE
0,2477,Yes,FALSE,FALSE
0,2482,Yes,FALSE,FALSE
2482,2483,Yes,FALSE,FALSE
0,2515,Yes,FALSE,FALSE
0,2523,Yes,FALSE,FALSE
2523,2524,Yes,FALSE,FALSE
0,2528,Yes,FALSE,FALSE
0,2530,Yes,TRUE,FALSE
2530,2531,Yes,FALSE,FALSE
0,2534,Yes,FALSE,FALSE
2534,2535,Yes,FALSE,FALSE
0,2536,Yes,FALSE,FALSE
0,2537,Yes,FALSE,FALSE
0,2538,Yes,FALSE,FALSE
0,2548,Yes,FALSE,FALSE
0,2550,Yes,FALSE,FALSE
0,2555,Yes,FALSE,FALSE
2555,2558,Yes,FALSE,FALSE
0,2565,Yes,FALSE,FALSE
2565,2566,Yes,FALSE,FALSE
2566,2567,Yes,FALSE,FALSE
2569,2568,Yes,FALSE,FALSE
0,2569,Yes,FALSE,FALSE
0,2572,Yes,FALSE,FALSE
0,2573,Yes,TRUE,FALSE
0,2576,Yes,FALSE,FALSE
0,2577,Yes,FALSE,FALSE
0,2578,Yes,FALSE,FALSE
0,2579,Yes,FALSE,FALSE
0,2580,Yes,FALSE,FALSE
0,2581,Yes,FALSE,FALSE
0,2582,Yes,FALSE,FALSE
0,2584,Yes,FALSE,FALSE
0,2585,Yes,FALSE,FALSE
0,2588,Yes,FALSE,FALSE
0,2589,Yes,FALSE,FALSE
0,2594,Yes,FALSE,FALSE
2118,2597,Yes,FALSE,FALSE
962,2599,Yes,FALSE,FALSE
2230,2600,Yes,FALSE,FALSE
0,2607,Yes,FALSE,FALSE
0,2608,Yes,FALSE,FALSE
2577,2616,Yes,FALSE,FALSE
0,2618,Yes,TRUE,FALSE
2618,2619,Yes,FALSE,FALSE
2618,2621,Yes,FALSE,FALSE
0,2623,Yes,FALSE,FALSE
2657,2624,Yes,FALSE,FALSE
0,2625,Yes,FALSE,FALSE
2625,2629,Yes,FALSE,FALSE
0,2638,Yes,FALSE,FALSE
2640,2639,Yes,FALSE,FALSE
0,2640,Yes,FALSE,FALSE
0,2643,Yes,FALSE,FALSE
0,2644,Yes,FALSE,FALSE
0,2645,Yes,FALSE,FALSE
0,2646,Yes,FALSE,FALSE
0,2647,Yes,FALSE,FALSE
2647,2648,Yes,FALSE,FALSE
0,2649,Yes,FALSE,FALSE
0,2650,Yes,TRUE,FALSE
0,2651,Yes,FALSE,FALSE
0,2652,Yes,FALSE,FALSE
0,2653,Yes,FALSE,FALSE
2653,2654,Yes,FALSE,FALSE
0,2656,Yes,FALSE,FALSE
0,2657,Yes,FALSE,FALSE
0,2658,Yes,FALSE,FALSE
0,2659,Yes,FALSE,FALSE
0,2660,Yes,FALSE,FALSE
0,2664,Yes,FALSE,FALSE
0,2665,Yes,FALSE,FALSE
2673,2672,Yes,FALSE,FALSE
0,2673,Yes,FALSE,FALSE
2673,2675,Yes,FALSE,FALSE
0,2679,Yes,TRUE,FALSE
2682,2680,Yes,FALSE,FALSE
2683,2682,Yes,FALSE,FALSE
0,2683,Yes,FALSE,FALSE
0,2689,Yes,FALSE,FALSE
2689,2690,Yes,FALSE,FALSE
2878,2694,Yes,FALSE,FALSE
2697,2695,Yes,FALSE,FALSE
2695,2696,Yes,FALSE,FALSE
0,2697,Yes,FALSE,FALSE
2696,2698,Yes,FALSE,FALSE
0,2705,Yes,FALSE,FALSE
0,2708,Yes,FALSE,FALSE
0,2709,Yes,FALSE,FALSE
0,2710,Yes,FALSE,FALSE
0,2712,Yes,FALSE,FALSE
2716,2715,Yes,FALSE,FALSE
0,2716,Yes,FALSE,FALSE
0,2717,Yes,FALSE,FALSE
2717,2718,Yes,FALSE,FALSE
0,2728,Yes,FALSE,FALSE
2728,2730,Yes,FALSE,FALSE
0,2733,Yes,FALSE,FALSE
2733,2734,Yes,FALSE,FALSE
0,2736,Yes,FALSE,FALSE
2736,2741,Yes,FALSE,FALSE
0,2742,Yes,FALSE,FALSE
2742,2752,Yes,FALSE,FALSE
2742,2753,Yes,FALSE,FALSE
0,2755,Yes,FALSE,FALSE
0,2760,Yes,FALSE,FALSE
2760,2761,Yes,FALSE,FALSE
2742,2763,Yes,FALSE,FALSE
2742,2771,Yes,FALSE,FALSE
2742,2774,Yes,FALSE,FALSE
0,2776,Yes,FALSE,FALSE
2776,2781,Yes,FALSE,FALSE
0,2784,Yes,FALSE,FALSE
0,2787,Yes,FALSE,FALSE
0,2788,Yes,FALSE,FALSE
2572,2791,Yes,FALSE,FALSE
2787,2793,Yes,FALSE,FALSE
0,2798,Yes,FALSE,FALSE
2801,2799,Yes,FALSE,FALSE
0,2801,Yes,FALSE,FALSE
0,2804,Yes,FALSE,FALSE
2804,2805,Yes,FALSE,FALSE
2804,2806,Yes,FALSE,FALSE
2804,2807,Yes,FALSE,FALSE
0,2809,Yes,TRUE,TRUE
0,2810,Yes,FALSE,FALSE
2810,2811,Yes,FALSE,FALSE
0,2823,Yes,FALSE,FALSE
2825,2824,Yes,FALSE,FALSE
0,2825,Yes,FALSE,FALSE
0,2829,Yes,TRUE,FALSE
0,2830,Yes,FALSE,FALSE
0,2831,Yes,FALSE,FALSE
0,2833,Yes,FALSE,FALSE
2833,2834,Yes,FALSE,FALSE
2833,2835,Yes,FALSE,FALSE
2839,2837,Yes,FALSE,FALSE
2833,2839,Yes,FALSE,FALSE
0,2841,Yes,FALSE,FALSE
0,2843,Yes,FALSE,FALSE
0,2845,Yes,FALSE,FALSE
2849,2846,Yes,FALSE,FALSE
0,2849,Yes,FALSE,FALSE
0,2850,Yes,FALSE,FALSE
2850,2851,Yes,FALSE,FALSE
2850,2852,Yes,FALSE,FALSE
0,2854,Yes,FALSE,FALSE
0,2856,Yes,FALSE,FALSE
0,2857,Yes,FALSE,FALSE
0,2861,Yes,FALSE,FALSE
0,2867,Yes,FALSE,FALSE
2867,2868,Yes,FALSE,FALSE
0,2869,Yes,FALSE,FALSE
2869,2870,Yes,FALSE,FALSE
0,2874,Yes,FALSE,FALSE
0,2875,Yes,FALSE,FALSE
0,2878,Yes,FALSE,FALSE
0,2879,Yes,FALSE,FALSE
0,2880,Yes,FALSE,FALSE
0,2881,Yes,FALSE,FALSE
2881,2882,Yes,FALSE,FALSE
2881,2883,Yes,FALSE,FALSE
0,2884,Yes,FALSE,FALSE
0,2890,Yes,FALSE,FALSE
0,2895,Yes,FALSE,FALSE
0,2902,Yes,FALSE,FALSE
2902,2903,Yes,FALSE,FALSE
0,2904,Yes,FALSE,FALSE
2928,2927,Yes,FALSE,FALSE
0,2928,Yes,FALSE,FALSE
2928,2933,Yes,FALSE,FALSE
2928,2936,Yes,FALSE,FALSE
2928,2937,Yes,FALSE,FALSE
2928,2938,Yes,FALSE,FALSE
0,2941,Yes,FALSE,FALSE
2941,2947,Yes,FALSE,FALSE
2947,2948,Yes,FALSE,FALSE
2941,2953,Yes,FALSE,FALSE
0,2955,Yes,FALSE,FALSE
0,2956,Yes,FALSE,FALSE
0,2957,Yes,FALSE,FALSE
0,2959,Yes,FALSE,FALSE
0,2960,Yes,FALSE,FALSE
0,2961,Yes,FALSE,FALSE
2961,2967,Yes,FALSE,FALSE
0,2968,Yes,FALSE,FALSE
0,2969,Yes,FALSE,FALSE
0,2972,Yes,FALSE,FALSE
0,2977,Yes,FALSE,FALSE
0,2979,Yes,FALSE,FALSE
0,2983,Yes,FALSE,FALSE
0,2986,Yes,FALSE,FALSE
0,2987,Yes,FALSE,FALSE
0,2991,Yes,FALSE,FALSE
0,2992,Yes,FALSE,FALSE
2992,2993,Yes,FALSE,FALSE
0,2998,Yes,TRUE,FALSE
2998,2999,Yes,FALSE,FALSE
2998,3000,Yes,FALSE,FALSE
0,3001,Yes,FALSE,FALSE
3005,3004,Yes,FALSE,FALSE
0,3005,Yes,FALSE,FALSE
0,3006,Yes,FALSE,FALSE
0,3008,Yes,FALSE,FALSE
0,3010,Yes,FALSE,FALSE
0,3016,Yes,FALSE,FALSE
0,3019,Yes,FALSE,FALSE
0,3021,Yes,FALSE,FALSE
0,3025,Yes,FALSE,FALSE
0,3030,Yes,FALSE,FALSE
0,3032,Yes,FALSE,FALSE
0,3034,Yes,FALSE,FALSE
0,3037,Yes,FALSE,FALSE
3037,3038,Yes,FALSE,FALSE
0,3042,Yes,TRUE,FALSE
0,3043,Yes,FALSE,FALSE
0,3046,Yes,FALSE,FALSE
0,3048,Yes,FALSE,FALSE
0,3049,Yes,FALSE,FALSE
0,3068,Yes,FALSE,FALSE
0,3070,Yes,FALSE,FALSE
0,3072,Yes,TRUE,FALSE
3072,3073,Yes,FALSE,FALSE
3073,3075,Yes,FALSE,FALSE
3075,3077,Yes,FALSE,FALSE
3075,3078,Yes,FALSE,FALSE
3078,3079,Yes,FALSE,FALSE
3079,3081,Yes,FALSE,FALSE
0,3087,Yes,FALSE,FALSE
0,3089,Yes,FALSE,FALSE
3070,3091,Yes,FALSE,FALSE
3116,3093,Yes,FALSE,FALSE
3093,3114,Yes,FALSE,FALSE
3093,3115,Yes,FALSE,FALSE
0,3116,Yes,TRUE,FALSE
0,3120,Yes,FALSE,FALSE
2837,3126,Yes,FALSE,FALSE
3120,3128,Yes,FALSE,FALSE
0,3129,Yes,FALSE,FALSE
0,3135,Yes,FALSE,FALSE
0,3136,Yes,FALSE,FALSE
2837,3138,Yes,FALSE,FALSE
0,3139,Yes,FALSE,FALSE
0,3149,Yes,FALSE,FALSE
0,3159,Yes,FALSE,FALSE
3159,3160,Yes,FALSE,FALSE
3159,3161,Yes,FALSE,FALSE
3159,3162,Yes,FALSE,FALSE
0,3178,Yes,TRUE,TRUE
0,3179,Yes,TRUE,FALSE
3181,3180,Yes,FALSE,FALSE
0,3181,Yes,FALSE,FALSE
0,3182,Yes,FALSE,FALSE
0,3183,Yes,FALSE,FALSE
3185,3184,Yes,FALSE,FALSE
0,3185,Yes,FALSE,FALSE
3187,3186,Yes,FALSE,FALSE
0,3187,Yes,FALSE,FALSE
0,3188,Yes,FALSE,FALSE
0,3190,Yes,FALSE,FALSE
3190,3191,Yes,FALSE,FALSE
0,3192,Yes,FALSE,FALSE
0,3197,Yes,FALSE,FALSE
0,3198,Yes,FALSE,FALSE
0,3200,Yes,FALSE,FALSE
0,3203,Yes,FALSE,FALSE
3210,3209,Yes,FALSE,FALSE
0,3210,Yes,FALSE,FALSE
0,3211,Yes,FALSE,FALSE
2639,3217,Yes,FALSE,FALSE
2639,3218,Yes,FALSE,FALSE
2639,3219,Yes,FALSE,FALSE
2639,3220,Yes,FALSE,FALSE
2928,3224,Yes,FALSE,FALSE
2928,3225,Yes,FALSE,FALSE
2928,3226,Yes,FALSE,FALSE
2928,3227,Yes,FALSE,FALSE
2928,3228,Yes,FALSE,FALSE
0,3231,Yes,FALSE,FALSE
0,3232,Yes,FALSE,FALSE
0,3234,Yes,FALSE,FALSE
3234,3235,Yes,FALSE,FALSE
0,3236,Yes,FALSE,FALSE
2837,3238,Yes,FALSE,FALSE
2837,3239,Yes,FALSE,FALSE
0,3240,Yes,FALSE,FALSE
0,3241,Yes,FALSE,FALSE
0,3242,Yes,FALSE,FALSE
0,3243,Yes,TRUE,FALSE
0,3245,Yes,FALSE,FALSE
0,3246,Yes,FALSE,FALSE
3246,3247,Yes,FALSE,FALSE
0,3253,Yes,FALSE,FALSE
0,3255,Yes,FALSE,FALSE
0,3449,Yes,TRUE,FALSE
3449,3450,Yes,FALSE,FALSE
3449,3451,Yes,FALSE,FALSE
3197,3452,Yes,FALSE,FALSE
3197,3453,Yes,FALSE,FALSE
3197,3454,Yes,FALSE,FALSE
3197,3455,Yes,FALSE,FALSE
3197,3456,Yes,FALSE,FALSE
0,3458,Yes,FALSE,FALSE
0,3459,Yes,FALSE,FALSE
3242,3460,Yes,FALSE,FALSE
0,3461,Yes,FALSE,FALSE
0,3462,Yes,FALSE,FALSE
0,3463,Yes,FALSE,FALSE
0,3465,Yes,FALSE,FALSE
3465,3466,Yes,FALSE,FALSE
0,3469,Yes,FALSE,FALSE
0,3470,Yes,FALSE,FALSE
0,3471,Yes,FALSE,FALSE
0,3472,Yes,FALSE,FALSE
0,3473,Yes,FALSE,FALSE
0,3474,Yes,FALSE,FALSE
0,3475,Yes,FALSE,FALSE
3475,3476,Yes,FALSE,FALSE
0,3477,Yes,FALSE,FALSE
0,3480,Yes,FALSE,FALSE
0,3481,Yes,TRUE,FALSE
3488,3485,Yes,FALSE,FALSE
3485,3486,Yes,FALSE,FALSE
3485,3487,Yes,FALSE,FALSE
3489,3488,Yes,FALSE,FALSE
3490,3489,Yes,FALSE,FALSE
0,3490,Yes,FALSE,FALSE
0,3494,Yes,TRUE,TRUE
0,3495,Yes,FALSE,FALSE
0,3496,Yes,TRUE,FALSE
0,3497,Yes,FALSE,FALSE
0,3498,Yes,FALSE,FALSE
0,3499,Yes,FALSE,FALSE
0,3500,Yes,FALSE,FALSE
0,3501,Yes,FALSE,FALSE
0,3502,To Do,TRUE,FALSE
0,3503,Yes,FALSE,FALSE
0,3504,Yes,FALSE,FALSE
0,3505,Yes,FALSE,FALSE
0,3506,Yes,FALSE,FALSE
3506,3507,Yes,FALSE,FALSE
0,3508,Yes,FALSE,FALSE
3508,3515,Yes,FALSE,FALSE
3508,3516,Yes,FALSE,FALSE
3524,3523,Yes,FALSE,FALSE
3508,3524,Yes,FALSE,FALSE
3508,3526,Yes,FALSE,FALSE
3508,3527,Yes,FALSE,FALSE
3508,3528,Yes,FALSE,FALSE
3527,3529,Yes,FALSE,FALSE
3508,3530,Yes,FALSE,FALSE
3508,3531,Yes,FALSE,FALSE
3508,3532,Yes,FALSE,FALSE
0,3534,Yes,FALSE,FALSE
0,3536,Yes,FALSE,FALSE
3536,3537,Yes,FALSE,FALSE
3541,3539,Yes,FALSE,FALSE
3541,3540,Yes,FALSE,FALSE
3542,3541,Yes,FALSE,FALSE
0,3542,Yes,FALSE,FALSE
3541,3543,Yes,FALSE,FALSE
3541,3544,Yes,FALSE,FALSE
3541,3545,Yes,FALSE,FALSE
3541,3546,Yes,FALSE,FALSE
0,3547,Yes,FALSE,FALSE
3547,3548,Yes,FALSE,FALSE
3508,3550,Yes,FALSE,FALSE
3508,3551,Yes,FALSE,FALSE
0,3552,Yes,FALSE,FALSE
0,3553,Yes,TRUE,FALSE
0,3558,Yes,FALSE,FALSE
0,3559,Yes,TRUE,TRUE
0,3563,Yes,FALSE,FALSE
0,3571,Yes,FALSE,FALSE
0,3572,To Do,FALSE,FALSE
0,3573,Yes,FALSE,FALSE
3573,3574,Yes,FALSE,FALSE
0,3575,Yes,FALSE,FALSE
1556,3589,Yes,FALSE,FALSE
0,3590,Yes,FALSE,FALSE
3590,3591,Yes,FALSE,FALSE
3508,3598,Yes,FALSE,FALSE
0,3600,Yes,FALSE,FALSE
0,3603,Yes,FALSE,FALSE
3932,3622,Yes,FALSE,FALSE
3624,3623,Yes,FALSE,FALSE
0,3624,Yes,FALSE,FALSE
0,3679,Yes,FALSE,FALSE
0,3683,Yes,TRUE,TRUE
3683,3684,Yes,FALSE,FALSE
0,3685,Yes,FALSE,FALSE
0,3686,Yes,FALSE,FALSE
0,3688,Yes,FALSE,FALSE
0,3692,Yes,FALSE,FALSE
0,3703,Yes,FALSE,FALSE
0,3715,Yes,FALSE,FALSE
0,3716,Yes,FALSE,FALSE
3781,3721,Yes,FALSE,FALSE
3780,3722,Yes,FALSE,FALSE
3756,3723,Yes,FALSE,FALSE
0,3725,Yes,FALSE,FALSE
0,3726,Yes,FALSE,FALSE
3728,3727,Yes,FALSE,FALSE
0,3728,Yes,FALSE,FALSE
3988,3733,Yes,FALSE,FALSE
0,3740,Yes,FALSE,FALSE
0,3742,Yes,FALSE,FALSE
0,3743,Yes,FALSE,FALSE
0,3750,Yes,FALSE,FALSE
0,3756,Yes,TRUE,FALSE
3756,3773,Yes,FALSE,FALSE
0,3776,Yes,TRUE,FALSE
3778,3777,Yes,FALSE,FALSE
0,3778,Yes,FALSE,FALSE
0,3780,Yes,TRUE,FALSE
0,3781,Yes,FALSE,FALSE
3781,3782,Yes,FALSE,FALSE
0,3783,Yes,TRUE,TRUE
3783,3787,Yes,FALSE,FALSE
0,3789,Yes,TRUE,TRUE
0,3790,Yes,TRUE,TRUE
0,3791,Yes,FALSE,FALSE
0,3793,Yes,TRUE,FALSE
0,3795,Yes,FALSE,FALSE
0,3796,Yes,TRUE,TRUE
0,3797,Yes,FALSE,FALSE
0,3798,Yes,FALSE,FALSE
0,3799,Yes,TRUE,TRUE
0,3800,To Do,FALSE,FALSE
0,3801,Yes,FALSE,FALSE
0,3803,Yes,FALSE,FALSE
0,3806,Yes,FALSE,FALSE
0,3822,Yes,FALSE,FALSE
0,3824,Yes,FALSE,FALSE
0,3825,Yes,FALSE,FALSE
0,3826,Yes,TRUE,TRUE
0,3827,Yes,FALSE,FALSE
3782,3828,Yes,FALSE,FALSE
0,3829,Yes,TRUE,FALSE
3829,3830,Yes,FALSE,FALSE
0,3833,Yes,FALSE,FALSE
0,3841,Yes,FALSE,FALSE
0,3842,Yes,TRUE,TRUE
0,3849,Yes,FALSE,FALSE
0,3851,Yes,FALSE,FALSE
0,3852,Yes,FALSE,FALSE
3857,3856,Yes,FALSE,FALSE
0,3857,Yes,FALSE,FALSE
3857,3858,Yes,FALSE,FALSE
3857,3862,Yes,FALSE,FALSE
3857,3863,Yes,FALSE,FALSE
3857,3869,Yes,FALSE,FALSE
3857,3874,Yes,FALSE,FALSE
0,3875,Yes,FALSE,FALSE
0,3877,Yes,TRUE,FALSE
3885,3884,Yes,FALSE,FALSE
0,3885,Yes,TRUE,FALSE
3891,3890,Yes,FALSE,FALSE
0,3891,Yes,FALSE,FALSE
0,3892,Yes,FALSE,FALSE
0,3900,Yes,FALSE,FALSE
3900,3901,Yes,FALSE,FALSE
0,3905,Yes,TRUE,FALSE
0,3906,Yes,FALSE,FALSE
0,3907,Yes,FALSE,FALSE
3842,3908,Yes,FALSE,FALSE
3842,3909,Yes,FALSE,FALSE
0,3911,Yes,TRUE,FALSE
0,3912,Yes,FALSE,FALSE
0,3917,Yes,FALSE,FALSE
0,3918,Yes,FALSE,FALSE
0,3919,Yes,FALSE,FALSE
0,3926,Yes,FALSE,FALSE
0,3927,Yes,TRUE,FALSE
0,3928,Yes,TRUE,FALSE
3623,3932,Yes,FALSE,FALSE
3932,3933,Yes,FALSE,FALSE
0,3934,Yes,FALSE,FALSE
0,3940,Yes,FALSE,FALSE
0,3943,Yes,FALSE,FALSE
3943,3944,Yes,FALSE,FALSE
0,3945,Yes,TRUE,TRUE
0,3948,Yes,FALSE,FALSE
0,3949,Yes,TRUE,TRUE
0,3951,Yes,FALSE,FALSE
0,3954,Yes,FALSE,FALSE
0,3964,Yes,TRUE,FALSE
0,3968,Yes,FALSE,FALSE
0,3969,Yes,FALSE,FALSE
0,3973,Yes,FALSE,FALSE
0,3976,Yes,TRUE,FALSE
3976,3977,Yes,FALSE,FALSE
3976,3978,Yes,FALSE,FALSE
0,3988,Yes,FALSE,FALSE
0,3993,Yes,FALSE,FALSE
0,3994,Yes,FALSE,FALSE
0,3995,Yes,FALSE,FALSE
0,3996,Yes,FALSE,FALSE
0,3997,Yes,TRUE,FALSE
0,3998,Yes,FALSE,FALSE
0,3999,Yes,FALSE,FALSE
0,4000,Yes,FALSE,FALSE
0,4007,Yes,FALSE,FALSE
0,4008,Yes,FALSE,FALSE
0,4009,Yes,FALSE,FALSE
0,4010,Yes,TRUE,TRUE
0,4016,Yes,FALSE,FALSE
0,4017,Yes,FALSE,FALSE
4017,4018,Yes,FALSE,FALSE
0,4021,Yes,FALSE,FALSE
0,4022,Yes,FALSE,FALSE
0,4023,Yes,FALSE,FALSE
0,4026,Yes,TRUE,FALSE
3995,4028,Yes,FALSE,FALSE
0,4030,Yes,FALSE,FALSE
4030,4031,Yes,FALSE,FALSE
4030,4033,Yes,FALSE,FALSE
4030,4034,Yes,FALSE,FALSE
4030,4037,Yes,FALSE,FALSE
0,4040,Yes,FALSE,FALSE
0,4043,Yes,FALSE,FALSE
4043,4045,Yes,FALSE,FALSE
4045,4046,Yes,FALSE,FALSE
4045,4047,Yes,FALSE,FALSE
0,4049,Yes,FALSE,FALSE
4055,4054,Yes,FALSE,FALSE
0,4055,Yes,FALSE,FALSE
0,4057,Yes,FALSE,FALSE
4045,4058,Yes,FALSE,FALSE
0,4064,Yes,TRUE,TRUE
4064,4066,Yes,FALSE,FALSE
4064,4067,Yes,FALSE,FALSE
0,4068,Yes,TRUE,TRUE
0,4069,Yes,FALSE,FALSE
0,4070,Yes,FALSE,FALSE
4047,4071,Yes,FALSE,FALSE
4047,4072,Yes,FALSE,FALSE
0,4073,Yes,FALSE,FALSE
0,4079,Yes,FALSE,FALSE
4079,4080,Yes,FALSE,FALSE
4079,4081,Yes,FALSE,FALSE
4079,4082,Yes,FALSE,FALSE
0,4084,Yes,FALSE,FALSE
4086,4085,Yes,FALSE,FALSE
0,4086,Yes,TRUE,TRUE
0,4088,Yes,FALSE,FALSE
0,4089,Yes,FALSE,FALSE
4091,4090,Yes,FALSE,FALSE
0,4091,Yes,FALSE,FALSE
4093,4092,Yes,FALSE,FALSE
0,4093,Yes,FALSE,FALSE
0,4096,Yes,FALSE,FALSE
0,4097,Yes,FALSE,FALSE
0,4101,Yes,FALSE,FALSE
0,4102,Yes,FALSE,FALSE
0,4103,Yes,FALSE,FALSE
0,4104,Yes,FALSE,FALSE
0,4106,Yes,FALSE,FALSE
0,4109,Yes,TRUE,TRUE
3783,4111,Yes,FALSE,FALSE
0,4116,Yes,TRUE,FALSE
4118,4117,Yes,FALSE,FALSE
0,4118,Yes,FALSE,FALSE
4121,4120,Yes,FALSE,FALSE
0,4121,Yes,FALSE,FALSE
0,4125,Yes,TRUE,FALSE
0,4127,Yes,TRUE,TRUE
0,4128,Yes,TRUE,FALSE
0,4130,Yes,FALSE,FALSE
4130,4131,Yes,FALSE,FALSE
4130,4136,Yes,FALSE,FALSE
0,4139,Yes,TRUE,FALSE
0,4142,Yes,FALSE,FALSE
0,4143,Yes,FALSE,FALSE
4147,4145,Yes,FALSE,FALSE
0,4147,Yes,FALSE,FALSE
0,4148,Yes,FALSE,FALSE
0,4151,Yes,TRUE,FALSE
0,4156,Yes,FALSE,FALSE
0,4158,Yes,TRUE,FALSE
0,4159,Yes,FALSE,FALSE
4159,4161,Yes,FALSE,FALSE
4159,4163,Yes,FALSE,FALSE
0,4167,Yes,FALSE,FALSE
0,4168,Yes,TRUE,TRUE
0,4169,Yes,TRUE,TRUE
0,4170,Yes,FALSE,FALSE
0,4171,Yes,FALSE,FALSE
0,4173,Yes,TRUE,TRUE
0,4176,Yes,FALSE,FALSE
0,4177,Yes,FALSE,FALSE
0,4182,Yes,TRUE,FALSE
0,4185,Yes,FALSE,FALSE
0,4186,Yes,FALSE,FALSE
0,4190,Yes,TRUE,FALSE
4190,4191,Yes,FALSE,FALSE
4194,4192,Yes,TRUE,FALSE
4194,4193,Yes,FALSE,FALSE
0,4195,Yes,FALSE,FALSE
0,4196,Yes,FALSE,FALSE
0,4197,Yes,FALSE,FALSE
0,4198,Yes,FALSE,FALSE
4202,4201,Yes,FALSE,FALSE
0,4202,Yes,FALSE,FALSE
0,4205,Yes,FALSE,FALSE
0,4206,Yes,TRUE,FALSE
0,4209,Yes,FALSE,FALSE
0,4211,Yes,TRUE,FALSE
0,4212,Yes,FALSE,FALSE
0,4213,Yes,FALSE,FALSE
0,4214,Yes,TRUE,FALSE
0,4221,Yes,FALSE,FALSE
4225,4223,Yes,FALSE,FALSE
4225,4224,Yes,FALSE,FALSE
4231,4225,Yes,FALSE,FALSE
4231,4226,Yes,FALSE,FALSE
4231,4227,Yes,FALSE,FALSE
4231,4228,Yes,FALSE,FALSE
4231,4229,Yes,FALSE,FALSE
4231,4230,Yes,FALSE,FALSE
0,4231,Yes,TRUE,FALSE
4231,4233,Yes,FALSE,FALSE
0,4237,Yes,TRUE,FALSE
4237,4238,Yes,FALSE,FALSE
4238,4239,Yes,FALSE,FALSE
4238,4240,Yes,FALSE,FALSE
4239,4241,Yes,FALSE,FALSE
4239,4242,Yes,FALSE,FALSE
4239,4246,Yes,FALSE,FALSE
4239,4247,Yes,FALSE,FALSE
0,4248,Yes,TRUE,TRUE
0,4251,Yes,FALSE,FALSE
0,4256,Yes,FALSE,FALSE
0,4259,Yes,FALSE,FALSE
4259,4261,Yes,FALSE,FALSE
4259,4262,Yes,FALSE,FALSE
0,4263,Yes,FALSE,FALSE
4263,4264,Yes,FALSE,FALSE
4263,4266,Yes,FALSE,FALSE
4263,4267,Yes,FALSE,FALSE
4270,4269,Yes,FALSE,FALSE
0,4270,Yes,FALSE,FALSE
4270,4271,Yes,FALSE,FALSE
0,4282,Yes,TRUE,TRUE
0,4283,Yes,FALSE,FALSE
0,4285,Yes,TRUE,TRUE
0,4286,Yes,FALSE,FALSE
4288,4287,Yes,FALSE,FALSE
0,4288,Yes,TRUE,FALSE
0,4291,Yes,FALSE,FALSE
0,4308,Yes,FALSE,FALSE
0,4309,Yes,FALSE,FALSE
0,4317,Yes,FALSE,FALSE
0,4318,Yes,FALSE,FALSE
0,4319,Yes,FALSE,FALSE
4319,4320,Yes,FALSE,FALSE
4330,4329,Yes,FALSE,FALSE
0,4330,Yes,FALSE,FALSE
0,4342,Yes,FALSE,FALSE
0,4343,Yes,TRUE,TRUE
0,4344,Yes,FALSE,FALSE
0,4345,Yes,FALSE,FALSE
0,4346,Yes,FALSE,FALSE
0,4349,Yes,FALSE,FALSE
4349,4350,Yes,FALSE,FALSE
4349,4351,Yes,FALSE,FALSE
0,4352,Yes,FALSE,FALSE
0,4354,Yes,FALSE,FALSE
0,4355,Yes,FALSE,FALSE
0,4367,Yes,TRUE,FALSE
0,4402,Yes,TRUE,TRUE
0,4453,Yes,FALSE,FALSE
0,4457,Yes,FALSE,FALSE
0,4460,Yes,FALSE,FALSE
0,4466,Yes,FALSE,FALSE
0,4470,Yes,FALSE,FALSE
0,4479,Yes,FALSE,FALSE
0,4483,Yes,FALSE,FALSE
0,4497,Yes,FALSE,FALSE
0,4506,Yes,FALSE,FALSE
0,4509,Yes,FALSE,FALSE
0,4522,Yes,FALSE,FALSE
4522,4523,Yes,FALSE,FALSE
4523,4525,Yes,FALSE,FALSE
0,4531,Yes,FALSE,FALSE
4531,4532,Yes,FALSE,FALSE
4531,4533,Yes,FALSE,FALSE
0,4538,Yes,FALSE,FALSE
0,4543,Yes,FALSE,FALSE
0,4546,Yes,FALSE,FALSE
0,4550,Yes,FALSE,FALSE
4550,4551,Yes,FALSE,FALSE
4550,4559,Yes,FALSE,FALSE
4550,4560,Yes,FALSE,FALSE
0,4563,Yes,FALSE,FALSE
4563,4565,Yes,FALSE,FALSE
0,4577,Yes,FALSE,FALSE
0,4581,Yes,FALSE,FALSE
4581,4592,Yes,FALSE,FALSE
0,4593,Yes,FALSE,FALSE
0,4600,Yes,FALSE,FALSE
4600,4601,Yes,FALSE,FALSE
0,4602,Yes,FALSE,FALSE
0,4604,Yes,FALSE,FALSE
0,4607,Yes,TRUE,TRUE
4607,4609,Yes,FALSE,FALSE
0,4610,Yes,FALSE,FALSE
4610,4611,Yes,FALSE,FALSE
0,4620,Yes,FALSE,FALSE
4620,4621,Yes,FALSE,FALSE
0,4634,Yes,TRUE,FALSE
0,4636,Yes,FALSE,FALSE
4636,4637,Yes,FALSE,FALSE
4641,4640,Yes,FALSE,FALSE
0,4641,Yes,FALSE,FALSE
0,4644,Yes,FALSE,FALSE
4644,4645,Yes,FALSE,FALSE
0,4646,Yes,FALSE,FALSE
0,4656,Yes,FALSE,FALSE
0,4669,Yes,FALSE,FALSE
4669,4670,Yes,FALSE,FALSE
4669,4671,Yes,FALSE,FALSE
0,4672,Yes,FALSE,FALSE
0,4673,Yes,FALSE,FALSE
0,4676,Yes,FALSE,FALSE
4676,4677,Yes,FALSE,FALSE
0,4681,Yes,TRUE,FALSE
4681,4682,Yes,FALSE,FALSE
4681,4683,Yes,FALSE,FALSE
4681,4684,Yes,FALSE,FALSE
4681,4685,Yes,FALSE,FALSE
4681,4686,Yes,FALSE,FALSE
0,4687,Yes,FALSE,FALSE
4687,4688,Yes,FALSE,FALSE
0,4694,Yes,FALSE,FALSE
4694,4695,Yes,FALSE,FALSE
4694,4696,Yes,FALSE,FALSE
0,4697,Yes,FALSE,FALSE
4697,4698,Yes,FALSE,FALSE
4697,4699,Yes,FALSE,FALSE
4705,4700,Yes,FALSE,FALSE
0,4705,Yes,FALSE,FALSE
0,4706,Yes,FALSE,FALSE
0,4707,Yes,FALSE,FALSE
0,4708,Yes,TRUE,FALSE
0,4709,Yes,FALSE,FALSE
0,4711,Yes,FALSE,FALSE
4716,4713,Yes,FALSE,FALSE
4713,4715,Yes,FALSE,FALSE
0,4716,Yes,FALSE,FALSE
0,4719,Yes,FALSE,FALSE
4719,4720,Yes,FALSE,FALSE
0,4721,Yes,FALSE,FALSE
0,4728,Yes,FALSE,FALSE
0,4730,Yes,FALSE,FALSE
4738,4737,Yes,FALSE,FALSE
0,4738,Yes,FALSE,FALSE
0,4739,Yes,FALSE,FALSE
0,4740,Yes,FALSE,FALSE
0,4745,Yes,FALSE,FALSE
0,4751,Yes,FALSE,FALSE
0,4758,Yes,FALSE,FALSE
0,4789,Yes,FALSE,FALSE
0,4790,Yes,FALSE,FALSE
4790,4791,Yes,FALSE,FALSE
4791,4792,Yes,FALSE,FALSE
0,4793,Yes,FALSE,FALSE
0,4796,Yes,FALSE,FALSE
4796,4797,Yes,FALSE,FALSE
4796,4798,Yes,FALSE,FALSE
4796,4799,Yes,FALSE,FALSE
0,4802,Yes,FALSE,FALSE
4819,4809,Yes,FALSE,FALSE
4809,4815,Yes,FALSE,FALSE
4809,4816,Yes,FALSE,FALSE
0,4819,Yes,FALSE,FALSE
4823,4822,Yes,FALSE,FALSE
0,4823,Yes,FALSE,FALSE
0,4824,Yes,FALSE,FALSE
0,4825,Yes,FALSE,FALSE
4592,4829,Yes,FALSE,FALSE
0,4835,Yes,FALSE,FALSE
0,4837,Yes,FALSE,FALSE
4837,4838,Yes,FALSE,FALSE
0,4841,Yes,FALSE,FALSE
4841,4846,Yes,FALSE,FALSE
0,4848,Yes,FALSE,FALSE
4688,4849,Yes,FALSE,FALSE
4849,4850,Yes,FALSE,FALSE
4849,4851,Yes,FALSE,FALSE
4849,4852,Yes,FALSE,FALSE
0,4853,Yes,FALSE,FALSE
4853,4855,Yes,FALSE,FALSE
4853,4858,Yes,FALSE,FALSE
0,4862,Yes,FALSE,FALSE
0,4866,Yes,FALSE,FALSE
4866,4867,Yes,FALSE,FALSE
4867,4871,Yes,FALSE,FALSE
0,4874,Yes,FALSE,FALSE
0,4878,Yes,FALSE,FALSE
0,4886,Yes,FALSE,FALSE
4886,4887,Yes,FALSE,FALSE
0,4888,Yes,FALSE,FALSE
4896,4894,Yes,FALSE,FALSE
4896,4895,Yes,FALSE,FALSE
0,4896,Yes,FALSE,FALSE
0,4897,Yes,FALSE,FALSE
0,4901,Yes,FALSE,FALSE
0,4909,Yes,FALSE,FALSE
4560,4912,Yes,FALSE,FALSE
0,4913,Yes,FALSE,FALSE
0,4919,Yes,FALSE,FALSE
4923,4922,Yes,FALSE,FALSE
0,4923,Yes,FALSE,FALSE
0,4924,Yes,FALSE,FALSE
0,4933,Yes,FALSE,FALSE
4933,4940,Yes,FALSE,FALSE
0,4945,Yes,FALSE,FALSE
0,4947,Yes,FALSE,FALSE
4947,4958,Yes,FALSE,FALSE
0,4969,Yes,FALSE,FALSE
0,4974,Yes,FALSE,FALSE
4974,4980,Yes,FALSE,FALSE
4990,4983,Yes,FALSE,FALSE
4983,4984,Yes,FALSE,FALSE
0,4990,Yes,FALSE,FALSE
4990,4991,Yes,FALSE,FALSE
4990,4992,Yes,FALSE,FALSE
4990,4993,Yes,FALSE,FALSE
4990,4994,Yes,FALSE,FALSE
0,4995,Yes,FALSE,FALSE
0,4996,Yes,FALSE,FALSE
0,5001,Yes,FALSE,FALSE
0,5002,Yes,FALSE,FALSE
0,5003,Yes,FALSE,FALSE
0,5015,Yes,TRUE,TRUE
0,5017,Yes,FALSE,FALSE
0,5018,Yes,TRUE,FALSE
0,5081,Yes,FALSE,FALSE
0,5082,Yes,FALSE,FALSE
0,5084,Yes,FALSE,FALSE
5084,5085,Yes,FALSE,FALSE
5084,5090,Yes,FALSE,FALSE
0,5098,Yes,FALSE,FALSE
0,5113,Yes,FALSE,FALSE
0,5127,Yes,FALSE,FALSE
5134,5132,Yes,FALSE,FALSE
5134,5133,Yes,FALSE,FALSE
0,5134,Yes,FALSE,FALSE
0,5135,Yes,FALSE,FALSE
0,5136,Yes,FALSE,FALSE
5136,5141,Yes,FALSE,FALSE
0,5148,Yes,FALSE,FALSE
5148,5149,Yes,FALSE,FALSE
5148,5150,Yes,FALSE,FALSE
5148,5151,Yes,FALSE,FALSE
0,5153,Yes,FALSE,FALSE
0,5167,Yes,FALSE,FALSE
5250,5169,Yes,FALSE,FALSE
5171,5170,Yes,FALSE,FALSE
0,5171,Yes,FALSE,FALSE
0,5172,Yes,TRUE,FALSE
5177,5176,Yes,FALSE,FALSE
5178,5177,Yes,FALSE,FALSE
0,5178,Yes,FALSE,FALSE
5177,5181,Yes,FALSE,FALSE
5177,5185,Yes,FALSE,FALSE
5837,5186,Yes,FALSE,FALSE
0,5192,Yes,FALSE,FALSE
0,5201,Yes,FALSE,FALSE
0,5232,Yes,FALSE,FALSE
5232,5233,Yes,FALSE,FALSE
5233,5234,Yes,FALSE,FALSE
5233,5235,Yes,FALSE,FALSE
0,5236,Yes,FALSE,FALSE
0,5237,Yes,FALSE,FALSE
0,5238,Yes,FALSE,FALSE
5240,5239,Yes,FALSE,FALSE
0,5240,Yes,FALSE,FALSE
0,5241,Yes,FALSE,FALSE
0,5242,Yes,FALSE,FALSE
0,5243,Yes,FALSE,FALSE
0,5247,Yes,FALSE,FALSE
5247,5248,Yes,FALSE,FALSE
5247,5249,Yes,FALSE,FALSE
0,5250,Yes,FALSE,FALSE
0,5251,Yes,FALSE,FALSE
0,5252,Yes,FALSE,FALSE
0,5254,Yes,FALSE,FALSE
5254,5255,Yes,FALSE,FALSE
5257,5256,Yes,FALSE,FALSE
0,5257,Yes,FALSE,FALSE
0,5260,Yes,FALSE,FALSE
5267,5266,Yes,FALSE,FALSE
0,5267,Yes,FALSE,FALSE
5269,5268,Yes,FALSE,FALSE
0,5269,Yes,FALSE,FALSE
5865,5271,Yes,FALSE,FALSE
0,5274,Yes,FALSE,FALSE
5276,5275,Yes,FALSE,FALSE
0,5276,Yes,FALSE,FALSE
0,5278,Yes,FALSE,FALSE
0,5279,Yes,FALSE,FALSE
5285,5284,Yes,FALSE,FALSE
5286,5285,Yes,FALSE,FALSE
0,5286,Yes,FALSE,FALSE
5288,5287,Yes,FALSE,FALSE
0,5288,Yes,FALSE,FALSE
0,5291,Yes,FALSE,FALSE
0,5295,Yes,FALSE,FALSE
0,5297,Yes,FALSE,FALSE
0,5307,Yes,FALSE,FALSE
5310,5309,Yes,FALSE,FALSE
0,5310,Yes,FALSE,FALSE
0,5311,Yes,FALSE,FALSE
0,5317,Yes,FALSE,FALSE
0,5320,Yes,FALSE,FALSE
5320,5321,Yes,FALSE,FALSE
5323,5322,Yes,FALSE,FALSE
0,5323,Yes,FALSE,FALSE
5328,5327,Yes,FALSE,FALSE
0,5328,Yes,FALSE,FALSE
5330,5329,Yes,FALSE,FALSE
0,5330,Yes,FALSE,FALSE
0,5337,Yes,FALSE,FALSE
0,5341,Yes,FALSE,FALSE
0,5342,Yes,FALSE,FALSE
0,5347,Yes,FALSE,FALSE
0,5349,Yes,FALSE,FALSE
0,5354,Yes,FALSE,FALSE
0,5355,Yes,FALSE,FALSE
0,5356,Yes,FALSE,FALSE
5361,5360,Yes,FALSE,FALSE
0,5361,Yes,FALSE,FALSE
6834,5362,Yes,FALSE,FALSE
0,5365,Yes,FALSE,FALSE
0,5366,Yes,FALSE,FALSE
0,5367,Yes,FALSE,FALSE
5372,5371,Yes,FALSE,FALSE
0,5372,Yes,FALSE,FALSE
0,5373,Yes,FALSE,FALSE
0,5376,Yes,FALSE,FALSE
0,5378,Yes,FALSE,FALSE
0,5379,Yes,FALSE,FALSE
0,5380,Yes,FALSE,FALSE
5663,5381,Yes,FALSE,FALSE
5385,5384,Yes,FALSE,FALSE
0,5385,Yes,FALSE,FALSE
5387,5386,Yes,FALSE,FALSE
0,5387,Yes,FALSE,FALSE
0,5389,Yes,FALSE,FALSE
5392,5391,Yes,FALSE,FALSE
0,5392,Yes,FALSE,FALSE
5391,5393,Yes,FALSE,FALSE
0,5395,Yes,FALSE,FALSE
0,5407,Yes,FALSE,FALSE
0,5416,Yes,FALSE,FALSE
0,5433,Yes,FALSE,FALSE
0,5436,Yes,FALSE,FALSE
0,5439,Yes,FALSE,FALSE
0,5441,Yes,FALSE,FALSE
5441,5442,Yes,FALSE,FALSE
5441,5443,Yes,FALSE,FALSE
0,5447,Yes,FALSE,FALSE
0,5452,Yes,FALSE,FALSE
0,5456,Yes,FALSE,FALSE
5456,5457,Yes,FALSE,FALSE
0,5461,Yes,FALSE,FALSE
5461,5462,Yes,FALSE,FALSE
0,5473,Yes,FALSE,FALSE
0,5474,Yes,FALSE,FALSE
0,5477,Yes,FALSE,FALSE
0,5478,Yes,FALSE,FALSE
5478,5483,Yes,FALSE,FALSE
0,5499,Yes,FALSE,FALSE
0,5506,Yes,FALSE,FALSE
0,5523,Yes,FALSE,FALSE
0,5528,Yes,FALSE,FALSE
0,5536,Yes,FALSE,FALSE
0,5540,Yes,FALSE,FALSE
0,5544,Yes,FALSE,FALSE
5544,5546,Yes,FALSE,FALSE
5590,5548,Yes,FALSE,FALSE
5548,5550,Yes,FALSE,FALSE
0,5558,Yes,FALSE,FALSE
5548,5560,Yes,FALSE,FALSE
5548,5561,Yes,FALSE,FALSE
0,5573,Yes,FALSE,FALSE
5548,5584,Yes,FALSE,FALSE
5548,5585,Yes,FALSE,FALSE
0,5590,Yes,FALSE,FALSE
0,5592,Yes,FALSE,FALSE
5592,5593,Yes,FALSE,FALSE
0,5594,Yes,FALSE,FALSE
5594,5595,Yes,FALSE,FALSE
5595,5600,Yes,FALSE,FALSE
0,5601,Yes,FALSE,FALSE
5609,5606,Yes,FALSE,FALSE
0,5609,Yes,FALSE,FALSE
0,5610,Yes,FALSE,FALSE
0,5616,Yes,FALSE,FALSE
5623,5617,Yes,FALSE,FALSE
5622,5620,Yes,FALSE,FALSE
5622,5621,Yes,FALSE,FALSE
0,5622,Yes,FALSE,FALSE
0,5623,Yes,FALSE,FALSE
0,5624,Yes,FALSE,FALSE
5624,5625,Yes,FALSE,FALSE
0,5627,Yes,FALSE,FALSE
0,5628,Yes,FALSE,FALSE
0,5629,Yes,FALSE,FALSE
0,5631,Yes,FALSE,FALSE
0,5635,Yes,FALSE,FALSE
5635,5636,Yes,FALSE,FALSE
0,5645,Yes,FALSE,FALSE
0,5647,Yes,FALSE,FALSE
0,5652,Yes,FALSE,FALSE
5652,5653,Yes,FALSE,FALSE
5652,5654,Yes,FALSE,FALSE
5652,5656,Yes,FALSE,FALSE
0,5657,Yes,FALSE,FALSE
0,5663,Yes,FALSE,FALSE
0,5668,Yes,FALSE,FALSE
5668,5669,Yes,FALSE,FALSE
0,5675,Yes,FALSE,FALSE
0,5676,Yes,FALSE,FALSE
0,5677,Yes,FALSE,FALSE
5677,5678,Yes,FALSE,FALSE
5677,5679,Yes,FALSE,FALSE
0,5680,Yes,FALSE,FALSE
0,5684,Yes,FALSE,FALSE
5684,5685,Yes,FALSE,FALSE
0,5692,Yes,FALSE,FALSE
0,5708,Yes,FALSE,FALSE
5718,5716,Yes,FALSE,FALSE
0,5719,Yes,FALSE,FALSE
0,5729,Yes,FALSE,FALSE
0,5740,Yes,FALSE,FALSE
5743,5741,Yes,FALSE,FALSE
5741,5742,Yes,FALSE,FALSE
0,5743,Yes,FALSE,FALSE
5743,5744,Yes,FALSE,FALSE
0,5745,Yes,FALSE,FALSE
0,5746,Yes,TRUE,TRUE
5746,5755,Yes,FALSE,FALSE
0,5756,Yes,FALSE,FALSE
0,5757,Yes,FALSE,FALSE
0,5758,Yes,FALSE,FALSE
0,5763,Yes,FALSE,FALSE
5763,5767,Yes,FALSE,FALSE
5763,5768,Yes,FALSE,FALSE
5763,5770,Yes,FALSE,FALSE
0,5771,Yes,FALSE,FALSE
5771,5772,Yes,FALSE,FALSE
5771,5773,Yes,FALSE,FALSE
0,5774,Yes,FALSE,FALSE
0,5778,Yes,FALSE,FALSE
5778,5779,Yes,FALSE,FALSE
0,5780,Yes,FALSE,FALSE
5780,5781,Yes,FALSE,FALSE
0,5785,Yes,FALSE,FALSE
0,5786,Yes,FALSE,FALSE
5786,5787,Yes,FALSE,FALSE
0,5788,Yes,FALSE,FALSE
0,5794,Yes,FALSE,FALSE
0,5795,Yes,FALSE,FALSE
5781,5796,Yes,FALSE,FALSE
0,5799,Yes,FALSE,FALSE
0,5800,Yes,FALSE,FALSE
0,5802,Yes,FALSE,FALSE
5802,5803,Yes,FALSE,FALSE
0,5804,Yes,FALSE,FALSE
5804,5805,Yes,FALSE,FALSE
5802,5815,Yes,FALSE,FALSE
0,5816,Yes,FALSE,FALSE
0,5832,Yes,TRUE,FALSE
0,5833,Yes,TRUE,FALSE
5833,5834,Yes,FALSE,FALSE
0,5837,Yes,FALSE,FALSE
5668,5841,Yes,FALSE,FALSE
0,5842,Yes,FALSE,FALSE
0,5847,Yes,FALSE,FALSE
5851,5850,Yes,FALSE,FALSE
0,5851,Yes,FALSE,FALSE
0,5853,Yes,FALSE,FALSE
5853,5854,Yes,FALSE,FALSE
0,5856,Yes,FALSE,FALSE
0,5857,Yes,FALSE,FALSE
0,5858,Yes,FALSE,FALSE
0,5859,Yes,FALSE,FALSE
0,5860,Yes,FALSE,FALSE
0,5865,Yes,FALSE,FALSE
5865,5869,Yes,FALSE,FALSE
0,5881,Yes,FALSE,FALSE
0,5892,Yes,FALSE,FALSE
0,5901,Yes,FALSE,FALSE
5901,5902,Yes,FALSE,FALSE
0,5904,Yes,FALSE,FALSE
5904,5906,Yes,FALSE,FALSE
5904,5907,Yes,FALSE,FALSE
0,5910,Yes,FALSE,FALSE
0,5911,Yes,FALSE,FALSE
0,5915,Yes,FALSE,FALSE
0,5921,Yes,FALSE,FALSE
5921,5923,Yes,FALSE,FALSE
5921,5930,Yes,FALSE,FALSE
0,5931,Yes,FALSE,FALSE
0,5936,Yes,FALSE,FALSE
5936,5942,Yes,FALSE,FALSE
0,5943,Yes,FALSE,FALSE
6088,5944,Yes,FALSE,FALSE
5944,5945,Yes,FALSE,FALSE
0,5948,Yes,FALSE,FALSE
5985,5955,Yes,FALSE,FALSE
0,5979,Yes,FALSE,FALSE
0,5985,Yes,FALSE,FALSE
6004,5988,Yes,FALSE,FALSE
0,6004,Yes,FALSE,FALSE
0,6007,Yes,FALSE,FALSE
6004,6013,Yes,FALSE,FALSE
5276,6040,Yes,FALSE,FALSE
0,6041,Yes,FALSE,FALSE
0,6047,Yes,FALSE,FALSE
0,6058,Yes,FALSE,FALSE
6058,6059,Yes,FALSE,FALSE
0,6077,Yes,FALSE,FALSE
0,6080,Yes,FALSE,FALSE
0,6088,Yes,FALSE,FALSE
0,6093,Yes,FALSE,FALSE
0,6095,Yes,FALSE,FALSE
0,6097,Yes,FALSE,FALSE
0,6103,Yes,TRUE,TRUE
6103,6104,Yes,FALSE,FALSE
6103,6107,Yes,FALSE,FALSE
6103,6109,Yes,FALSE,FALSE
6109,6110,Yes,FALSE,FALSE
6109,6111,Yes,FALSE,FALSE
6109,6112,Yes,FALSE,FALSE
6109,6116,Yes,FALSE,FALSE
6109,6117,Yes,FALSE,FALSE
6109,6118,Yes,FALSE,FALSE
0,6136,Yes,FALSE,FALSE
6136,6137,Yes,FALSE,FALSE
0,6138,Yes,FALSE,FALSE
0,6139,Yes,FALSE,FALSE
0,6147,Yes,TRUE,FALSE
0,6148,Yes,FALSE,FALSE
0,6149,Yes,FALSE,FALSE
0,6150,Yes,FALSE,FALSE
0,6151,Yes,FALSE,FALSE
6157,6154,Yes,FALSE,FALSE
0,6156,Yes,FALSE,FALSE
0,6157,Yes,FALSE,FALSE
0,6159,Yes,FALSE,FALSE
0,6180,Yes,FALSE,FALSE
5309,6182,Yes,FALSE,FALSE
0,6183,Yes,TRUE,FALSE
0,6195,Yes,FALSE,FALSE
6183,6197,Yes,FALSE,FALSE
6183,6198,Yes,FALSE,FALSE
6200,6199,Yes,FALSE,FALSE
6208,6200,Yes,FALSE,FALSE
6200,6201,Yes,FALSE,FALSE
6201,6203,Yes,FALSE,FALSE
6201,6204,Yes,FALSE,FALSE
6201,6205,Yes,FALSE,FALSE
6201,6206,Yes,FALSE,FALSE
0,6208,Yes,FALSE,FALSE
0,6214,Yes,FALSE,FALSE
0,6227,Yes,FALSE,FALSE
0,6228,Yes,FALSE,FALSE
6227,6229,Yes,FALSE,FALSE
6200,6236,Yes,FALSE,FALSE
6200,6237,Yes,FALSE,FALSE
6199,6238,Yes,FALSE,FALSE
6199,6239,Yes,FALSE,FALSE
0,6244,Yes,FALSE,FALSE
0,6249,Yes,FALSE,FALSE
0,6250,Yes,FALSE,FALSE
0,6252,Yes,TRUE,TRUE
6266,6253,Yes,FALSE,FALSE
0,6256,Yes,FALSE,FALSE
0,6260,Yes,FALSE,FALSE
0,6266,Yes,FALSE,FALSE
0,6273,Yes,FALSE,FALSE
0,6274,Yes,FALSE,FALSE
0,6278,Yes,FALSE,FALSE
0,6279,Yes,FALSE,FALSE
0,6281,Yes,FALSE,FALSE
0,6282,Yes,FALSE,FALSE
0,6283,Yes,FALSE,FALSE
6283,6284,Yes,FALSE,FALSE
6283,6285,Yes,FALSE,FALSE
0,6286,Yes,FALSE,FALSE
0,6287,Yes,FALSE,FALSE
0,6288,Yes,FALSE,FALSE
0,6289,Yes,FALSE,FALSE
0,6294,Yes,FALSE,FALSE
0,6295,Yes,FALSE,FALSE
0,6296,Yes,FALSE,FALSE
0,6297,Yes,FALSE,FALSE
6297,6301,Yes,FALSE,FALSE
6297,6302,Yes,FALSE,FALSE
0,6315,Yes,FALSE,FALSE
0,6316,Yes,FALSE,FALSE
0,6348,Yes,FALSE,FALSE
0,6353,Yes,FALSE,FALSE
6353,6356,Yes,FALSE,FALSE
6359,6358,Yes,FALSE,FALSE
0,6359,Yes,FALSE,FALSE
0,6370,Yes,FALSE,FALSE
0,6394,Yes,FALSE,FALSE
0,6395,Yes,FALSE,FALSE
0,6401,Yes,FALSE,FALSE
0,6402,Yes,FALSE,FALSE
0,6403,Yes,FALSE,FALSE
6403,6404,Yes,FALSE,FALSE
0,6407,Yes,FALSE,FALSE
0,6411,Yes,FALSE,FALSE
0,6412,Yes,FALSE,FALSE
0,6415,Yes,FALSE,FALSE
6415,6416,Yes,FALSE,FALSE
6415,6417,Yes,FALSE,FALSE
6415,6418,Yes,FALSE,FALSE
0,6419,Yes,FALSE,FALSE
6419,6421,Yes,FALSE,FALSE
0,6422,Yes,FALSE,FALSE
0,6424,Yes,FALSE,FALSE
0,6425,Yes,FALSE,FALSE
6425,6427,Yes,FALSE,FALSE
0,6431,Yes,FALSE,FALSE
6431,6432,Yes,FALSE,FALSE
6434,6433,Yes,FALSE,FALSE
0,6434,Yes,TRUE,FALSE
0,6458,Yes,FALSE,FALSE
0,6459,Yes,FALSE,FALSE
0,6463,Yes,FALSE,FALSE
0,6465,Yes,FALSE,FALSE
6289,6472,Yes,FALSE,FALSE
6289,6483,Yes,FALSE,FALSE
0,6488,Yes,FALSE,FALSE
6488,6489,Yes,FALSE,FALSE
6488,6490,Yes,FALSE,FALSE
0,6491,Yes,FALSE,FALSE
0,6499,Yes,FALSE,FALSE
6499,6500,Yes,FALSE,FALSE
6499,6501,Yes,FALSE,FALSE
0,6503,Yes,FALSE,FALSE
0,6504,Yes,FALSE,FALSE
0,6505,Yes,FALSE,FALSE
6504,6511,Yes,FALSE,FALSE
6516,6515,Yes,FALSE,FALSE
0,6516,Yes,FALSE,FALSE
0,6519,Yes,FALSE,FALSE
0,6521,Yes,FALSE,FALSE
6521,6522,Yes,FALSE,FALSE
6522,6523,Yes,FALSE,FALSE
0,6527,Yes,FALSE,FALSE
6527,6528,Yes,FALSE,FALSE
0,6529,Yes,FALSE,FALSE
6529,6530,Yes,FALSE,FALSE
6529,6531,Yes,FALSE,FALSE
0,6535,Yes,FALSE,FALSE
0,6536,Yes,FALSE,FALSE
6536,6537,Yes,FALSE,FALSE
0,6540,Yes,FALSE,FALSE
6540,6541,Yes,FALSE,FALSE
0,6543,Yes,FALSE,FALSE
6543,6544,Yes,FALSE,FALSE
0,6548,Yes,FALSE,FALSE
0,6550,Yes,FALSE,FALSE
0,6551,Yes,FALSE,FALSE
0,6553,Yes,FALSE,FALSE
6553,6554,Yes,FALSE,FALSE
0,6557,Yes,FALSE,FALSE
6557,6559,Yes,FALSE,FALSE
6557,6560,Yes,FALSE,FALSE
0,6561,Yes,TRUE,FALSE
6561,6562,Yes,FALSE,FALSE
6561,6563,Yes,FALSE,FALSE
6561,6564,Yes,FALSE,FALSE
0,6565,Yes,FALSE,FALSE
0,6569,Yes,TRUE,TRUE
0,6570,Yes,FALSE,FALSE
6570,6571,Yes,FALSE,FALSE
0,6572,Yes,FALSE,FALSE
6572,6573,Yes,FALSE,FALSE
6572,6574,Yes,FALSE,FALSE
0,6575,Yes,FALSE,FALSE
6575,6576,Yes,FALSE,FALSE
6575,6577,Yes,FALSE,FALSE
0,6578,Yes,FALSE,FALSE
6578,6579,Yes,FALSE,FALSE
6578,6580,Yes,FALSE,FALSE
0,6581,Yes,FALSE,FALSE
0,6582,Yes,FALSE,FALSE
0,6595,Yes,TRUE,FALSE
0,6605,Yes,FALSE,FALSE
0,6619,Yes,FALSE,FALSE
0,6620,Yes,FALSE,FALSE
6619,6628,Yes,FALSE,FALSE
0,6637,Yes,FALSE,FALSE
6619,6642,Yes,FALSE,FALSE
5718,6647,Yes,FALSE,FALSE
0,6655,Yes,FALSE,FALSE
0,6661,Yes,FALSE,FALSE
0,6677,Yes,FALSE,FALSE
0,6685,Yes,FALSE,FALSE
0,6690,Yes,FALSE,FALSE
0,6691,Yes,TRUE,FALSE
0,6696,Yes,TRUE,FALSE
0,6697,Yes,TRUE,TRUE
0,6698,Yes,FALSE,FALSE
0,6699,Yes,TRUE,TRUE
5391,6702,Yes,FALSE,FALSE
5391,6703,Yes,FALSE,FALSE
0,6704,Yes,FALSE,FALSE
0,6705,Yes,FALSE,FALSE
0,6718,Yes,FALSE,FALSE
0,6719,Yes,FALSE,FALSE
0,6721,Yes,FALSE,FALSE
0,6726,Yes,FALSE,FALSE
6726,6728,Yes,FALSE,FALSE
0,6729,Yes,FALSE,FALSE
0,6730,Yes,FALSE,FALSE
0,6734,Yes,FALSE,FALSE
0,6741,Yes,FALSE,FALSE
0,6746,Yes,FALSE,FALSE
0,6747,Yes,FALSE,FALSE
6747,6748,Yes,FALSE,FALSE
0,6752,Yes,FALSE,FALSE
0,6753,Yes,FALSE,FALSE
0,6758,Yes,FALSE,FALSE
6758,6759,Yes,FALSE,FALSE
6761,6760,Yes,FALSE,FALSE
0,6761,Yes,FALSE,FALSE
6761,6762,Yes,FALSE,FALSE
6771,6766,Yes,FALSE,FALSE
0,6771,Yes,FALSE,FALSE
0,6772,Yes,FALSE,FALSE
6772,6773,Yes,FALSE,FALSE
0,6777,Yes,FALSE,FALSE
0,6778,Yes,FALSE,FALSE
0,6779,Yes,FALSE,FALSE
0,6783,Yes,FALSE,FALSE
0,6788,Yes,FALSE,FALSE
0,6789,Yes,FALSE,FALSE
6789,6790,Yes,FALSE,FALSE
0,6791,Yes,FALSE,FALSE
0,6793,Yes,FALSE,FALSE
0,6794,Yes,FALSE,FALSE
6794,6795,Yes,FALSE,FALSE
0,6796,Yes,FALSE,FALSE
0,6802,Yes,FALSE,FALSE
6802,6803,Yes,FALSE,FALSE
0,6804,Yes,FALSE,FALSE
0,6805,Yes,FALSE,FALSE
6805,6806,Yes,FALSE,FALSE
0,6809,Yes,FALSE,FALSE
6809,6810,Yes,FALSE,FALSE
6809,6811,Yes,FALSE,FALSE
6809,6812,Yes,FALSE,FALSE
6809,6814,Yes,FALSE,FALSE
0,6820,Yes,TRUE,FALSE
0,6822,Yes,FALSE,FALSE
0,6823,Yes,FALSE,FALSE
5550,6824,Yes,FALSE,FALSE
0,6827,Yes,FALSE,FALSE
6827,6833,Yes,FALSE,FALSE
0,6834,Yes,FALSE,FALSE
0,6849,Yes,FALSE,FALSE
0,6851,Yes,FALSE,FALSE
0,6856,Yes,FALSE,FALSE
0,6859,Yes,FALSE,FALSE
0,6860,Yes,TRUE,TRUE
0,6862,Yes,FALSE,FALSE
0,6866,Yes,FALSE,FALSE
6866,6867,Yes,FALSE,FALSE
0,6876,Yes,TRUE,FALSE
6876,6877,Yes,FALSE,FALSE
6876,6880,Yes,FALSE,FALSE
0,6881,Yes,FALSE,FALSE
0,6883,Yes,FALSE,FALSE
6883,6888,Yes,FALSE,FALSE
6883,6889,Yes,FALSE,FALSE
6883,6893,Yes,FALSE,FALSE
6883,6902,Yes,FALSE,FALSE
6917,6914,Yes,FALSE,FALSE
0,6915,Yes,FALSE,FALSE
6915,6917,Yes,FALSE,FALSE
0,6919,Yes,FALSE,FALSE
6919,6920,Yes,FALSE,FALSE
6919,6921,Yes,FALSE,FALSE
0,6923,Yes,FALSE,FALSE
6923,6924,Yes,FALSE,FALSE
0,6926,Yes,FALSE,FALSE
6926,6934,Yes,FALSE,FALSE
6926,6935,Yes,FALSE,FALSE
0,6945,Yes,FALSE,FALSE
0,6949,Yes,FALSE,FALSE
6955,6954,Yes,FALSE,FALSE
0,6955,Yes,FALSE,FALSE
6955,6956,Yes,FALSE,FALSE
0,6959,Yes,FALSE,FALSE
6959,6965,Yes,FALSE,FALSE
0,6974,Yes,FALSE,FALSE
0,6976,Yes,FALSE,FALSE
0,6982,Yes,FALSE,FALSE
0,6983,Yes,FALSE,FALSE
0,6984,Yes,FALSE,FALSE
0,6989,Yes,FALSE,FALSE
0,6994,Yes,FALSE,FALSE
0,6995,Yes,FALSE,FALSE
0,6996,Yes,FALSE,FALSE
0,6997,Yes,FALSE,FALSE
0,6998,Yes,FALSE,FALSE
0,7000,Yes,FALSE,FALSE
0,7002,Yes,FALSE,FALSE
0,7003,Yes,FALSE,FALSE
6773,7013,Yes,FALSE,FALSE
6773,7015,Yes,FALSE,FALSE
6773,7018,Yes,FALSE,FALSE
6773,7019,Yes,FALSE,FALSE
6773,7020,Yes,FALSE,FALSE
6773,7021,Yes,FALSE,FALSE
6773,7022,Yes,FALSE,FALSE
6773,7023,Yes,FALSE,FALSE
6773,7028,Yes,FALSE,FALSE
6773,7029,Yes,FALSE,FALSE
0,7043,Yes,FALSE,FALSE
0,7044,Yes,FALSE,FALSE
0,7058,Yes,FALSE,FALSE
0,7059,Yes,FALSE,FALSE
0,7069,Yes,FALSE,FALSE
0,7071,Yes,FALSE,FALSE
0,7072,Yes,FALSE,FALSE
0,7073,Yes,FALSE,FALSE
0,7074,Yes,FALSE,FALSE
7074,7075,Yes,FALSE,FALSE
7074,7077,Yes,FALSE,FALSE
7134,7079,Yes,FALSE,FALSE
0,7081,Yes,FALSE,FALSE
0,7082,Yes,FALSE,FALSE
0,7083,Yes,FALSE,FALSE
0,7089,Yes,FALSE,FALSE
0,7094,Yes,FALSE,FALSE
0,7095,Yes,FALSE,FALSE
0,7098,Yes,FALSE,FALSE
7100,7099,Yes,FALSE,FALSE
0,7100,Yes,FALSE,FALSE
0,7101,Yes,FALSE,FALSE
0,7105,Yes,FALSE,FALSE
0,7106,Yes,FALSE,FALSE
7327,7107,Yes,FALSE,FALSE
0,7110,Yes,FALSE,FALSE
0,7111,Yes,FALSE,FALSE
0,7112,Yes,FALSE,FALSE
0,7113,Yes,FALSE,FALSE
0,7114,Yes,FALSE,FALSE
7467,7116,Yes,FALSE,FALSE
7514,7117,Yes,FALSE,FALSE
0,7121,Yes,FALSE,FALSE
7121,7122,Yes,FALSE,FALSE
0,7123,Yes,FALSE,FALSE
0,7125,Yes,FALSE,FALSE
0,7126,Yes,FALSE,FALSE
7133,7128,Yes,FALSE,FALSE
0,7133,Yes,FALSE,FALSE
0,7134,Yes,FALSE,FALSE
0,7135,Yes,FALSE,FALSE
0,7136,Yes,FALSE,FALSE
0,7138,Yes,FALSE,FALSE
0,7141,Yes,FALSE,FALSE
0,7142,Yes,FALSE,FALSE
0,7144,Yes,FALSE,FALSE
0,7145,Yes,FALSE,FALSE
0,7146,Yes,FALSE,FALSE
0,7147,Yes,FALSE,FALSE
0,7151,Yes,FALSE,FALSE
0,7159,Yes,FALSE,FALSE
0,7167,Yes,FALSE,FALSE
0,7171,Yes,FALSE,FALSE
7171,7173,Yes,FALSE,FALSE
0,7179,Yes,FALSE,FALSE
7146,7182,Yes,FALSE,FALSE
7146,7183,Yes,FALSE,FALSE
7146,7184,Yes,FALSE,FALSE
0,7185,Yes,TRUE,FALSE
7187,7186,Yes,FALSE,FALSE
0,7187,Yes,FALSE,FALSE
7195,7194,Yes,FALSE,FALSE
0,7195,Yes,FALSE,FALSE
0,7196,Yes,FALSE,FALSE
7201,7200,Yes,FALSE,FALSE
0,7201,Yes,FALSE,FALSE
7214,7213,Yes,FALSE,FALSE
0,7214,Yes,FALSE,FALSE
0,7217,Yes,FALSE,FALSE
0,7224,Yes,FALSE,FALSE
0,7225,Yes,FALSE,FALSE
7237,7236,Yes,FALSE,FALSE
7285,7237,Yes,FALSE,FALSE
7225,7238,Yes,FALSE,FALSE
0,7239,Yes,FALSE,FALSE
0,7240,Yes,FALSE,FALSE
0,7242,Yes,FALSE,FALSE
7242,7248,Yes,FALSE,FALSE
0,7252,Yes,FALSE,FALSE
7269,7268,Yes,FALSE,FALSE
0,7269,Yes,FALSE,FALSE
0,7272,Yes,FALSE,FALSE
0,7273,Yes,FALSE,FALSE
0,7274,Yes,FALSE,FALSE
0,7279,Yes,FALSE,FALSE
0,7284,Yes,FALSE,FALSE
0,7285,Yes,TRUE,FALSE
0,7290,Yes,FALSE,FALSE
0,7291,Yes,FALSE,FALSE
0,7295,Yes,FALSE,FALSE
7300,7296,Yes,FALSE,FALSE
7300,7297,Yes,FALSE,FALSE
7300,7298,Yes,FALSE,FALSE
0,7300,Yes,FALSE,FALSE
0,7301,Yes,FALSE,FALSE
0,7317,Yes,FALSE,FALSE
0,7319,Yes,FALSE,FALSE
0,7323,Yes,FALSE,FALSE
7323,7325,To Do,FALSE,FALSE
7328,7327,Yes,FALSE,FALSE
0,7328,Yes,FALSE,FALSE
0,7335,Yes,FALSE,FALSE
0,7345,Yes,FALSE,FALSE
0,7350,Yes,FALSE,FALSE
7355,7354,Yes,FALSE,FALSE
0,7355,Yes,FALSE,FALSE
0,7356,Yes,FALSE,FALSE
7356,7357,Yes,FALSE,FALSE
7356,7358,Yes,FALSE,FALSE
7362,7361,Yes,FALSE,FALSE
0,7362,Yes,FALSE,FALSE
0,7363,Yes,FALSE,FALSE
0,7371,Yes,FALSE,FALSE
0,7373,Yes,FALSE,FALSE
0,7380,Yes,TRUE,FALSE
0,7381,Yes,FALSE,FALSE
0,7382,Yes,TRUE,FALSE
0,7383,Yes,FALSE,FALSE
0,7385,Yes,FALSE,FALSE
0,7415,Yes,FALSE,FALSE
7427,7416,Yes,FALSE,FALSE
0,7417,Yes,FALSE,FALSE
7417,7420,Yes,FALSE,FALSE
7424,7423,Yes,FALSE,FALSE
0,7424,Yes,FALSE,FALSE
0,7427,Yes,FALSE,FALSE
0,7428,Yes,FALSE,FALSE
7428,7429,Yes,FALSE,FALSE
0,7431,Yes,FALSE,FALSE
0,7465,Yes,FALSE,FALSE
0,7467,Yes,FALSE,FALSE
7471,7470,Yes,FALSE,FALSE
0,7471,Yes,FALSE,FALSE
0,7484,Yes,FALSE,FALSE
0,7502,Yes,FALSE,FALSE
0,7506,Yes,FALSE,FALSE
7510,7507,Yes,FALSE,FALSE
0,7510,Yes,FALSE,FALSE
0,7514,Yes,FALSE,FALSE
0,7534,Yes,FALSE,FALSE
7534,7538,Yes,FALSE,FALSE
0,7539,Yes,FALSE,FALSE
0,7542,Yes,TRUE,TRUE
7542,7545,Yes,FALSE,FALSE
7549,7548,Yes,FALSE,FALSE
0,7549,Yes,FALSE,FALSE
0,7556,Yes,FALSE,FALSE
0,7562,Yes,TRUE,TRUE
0,7583,Yes,FALSE,FALSE
0,7584,Yes,FALSE,FALSE
0,7585,Yes,FALSE,FALSE
0,7586,Yes,FALSE,FALSE
0,7587,Yes,FALSE,FALSE
7597,7590,Yes,FALSE,FALSE
7597,7591,Yes,FALSE,FALSE
0,7597,Yes,FALSE,FALSE
0,7605,Yes,FALSE,FALSE
0,7606,Yes,FALSE,FALSE
0,7607,Yes,FALSE,FALSE
0,7617,Yes,FALSE,FALSE
0,7634,Yes,FALSE,FALSE
0,7636,Yes,FALSE,FALSE
7636,7637,Yes,FALSE,FALSE
0,7650,Yes,FALSE,FALSE
0,7651,Yes,FALSE,FALSE
0,7652,Yes,FALSE,FALSE
0,7710,Yes,FALSE,FALSE
7710,7711,Yes,FALSE,FALSE
7711,7712,Yes,FALSE,FALSE
7732,7713,Yes,FALSE,FALSE
7713,7716,Yes,FALSE,FALSE
0,7732,Yes,FALSE,FALSE
0,7742,Yes,FALSE,FALSE
0,7743,Yes,FALSE,FALSE
0,7753,Yes,FALSE,FALSE
0,7756,Yes,FALSE,FALSE
0,7757,Yes,FALSE,FALSE
0,7759,Yes,FALSE,FALSE
0,7760,Yes,FALSE,FALSE
7760,7763,Yes,FALSE,FALSE
0,7768,Yes,FALSE,FALSE
0,7774,Yes,FALSE,FALSE
0,7775,Yes,FALSE,FALSE
0,7776,Yes,FALSE,FALSE
7776,7777,Yes,FALSE,FALSE
7776,7778,Yes,FALSE,FALSE
7776,7779,Yes,FALSE,FALSE
7776,7780,Yes,FALSE,FALSE
7776,7782,Yes,FALSE,FALSE
7776,7783,Yes,FALSE,FALSE
7776,7784,Yes,FALSE,FALSE
7776,7786,Yes,FALSE,FALSE
0,7787,Yes,FALSE,FALSE
7776,7788,Yes,FALSE,FALSE
7803,7791,Yes,FALSE,FALSE
0,7803,Yes,TRUE,FALSE
0,7809,Yes,FALSE,FALSE
7809,7810,Yes,FALSE,FALSE
0,7815,Yes,FALSE,FALSE
0,7816,Yes,FALSE,FALSE
0,7818,Yes,FALSE,FALSE
0,7819,Yes,FALSE,FALSE
7819,7820,Yes,FALSE,FALSE
0,7821,Yes,FALSE,FALSE
0,7824,Yes,FALSE,FALSE
0,7829,Yes,FALSE,FALSE
0,7830,Yes,FALSE,FALSE
0,7831,Yes,FALSE,FALSE
0,7832,Yes,FALSE,FALSE
0,7835,Yes,FALSE,FALSE
0,7839,Yes,FALSE,FALSE
7839,7840,Yes,FALSE,FALSE
0,7841,Yes,FALSE,FALSE
0,7842,Yes,FALSE,FALSE
0,7843,Yes,FALSE,FALSE
0,7844,Yes,FALSE,FALSE
0,7847,Yes,FALSE,FALSE
7847,7848,Yes,FALSE,FALSE
7847,7849,Yes,FALSE,FALSE
7849,7851,Yes,FALSE,FALSE
0,7852,Yes,FALSE,FALSE
0,7858,Yes,FALSE,FALSE
0,7863,Yes,FALSE,FALSE
0,7864,Yes,TRUE,FALSE
0,7865,Yes,FALSE,FALSE
0,7866,Yes,FALSE,FALSE
0,7867,Yes,FALSE,FALSE
0,7868,Yes,FALSE,FALSE
0,7869,Yes,FALSE,FALSE
0,7870,Yes,FALSE,FALSE
0,7871,Yes,FALSE,FALSE
0,7872,Yes,TRUE,FALSE
7872,7873,Yes,FALSE,FALSE
0,7874,Yes,FALSE,FALSE
0,7875,Yes,FALSE,FALSE
7875,7876,Yes,FALSE,FALSE
0,7877,Yes,FALSE,FALSE
0,7878,Yes,FALSE,FALSE
0,7879,Yes,FALSE,FALSE
0,7880,Yes,FALSE,FALSE
0,7892,Yes,FALSE,FALSE
7892,7895,Yes,FALSE,FALSE
0,7896,Yes,FALSE,FALSE
7896,7897,Yes,FALSE,FALSE
7896,7898,Yes,FALSE,FALSE
0,7902,Yes,FALSE,FALSE
0,7903,Yes,FALSE,FALSE
0,7904,Yes,FALSE,FALSE
0,7905,Yes,FALSE,FALSE
0,7906,Yes,FALSE,FALSE
0,7909,Yes,FALSE,FALSE
0,7910,Yes,FALSE,FALSE
0,7911,Yes,FALSE,FALSE
0,7912,Yes,FALSE,FALSE
0,7915,Yes,FALSE,FALSE
0,7916,Yes,FALSE,FALSE
7916,7917,Yes,FALSE,FALSE
0,7920,Yes,TRUE,FALSE
0,7923,Yes,FALSE,FALSE
0,7927,Yes,FALSE,FALSE
0,7929,Yes,FALSE,FALSE
0,7931,Yes,FALSE,FALSE
7931,7932,Yes,FALSE,FALSE
7933,7934,Yes,FALSE,FALSE
0,7935,Yes,FALSE,FALSE
0,7937,Yes,FALSE,FALSE
7946,7942,Yes,FALSE,FALSE
7946,7943,Yes,FALSE,FALSE
7946,7944,Yes,FALSE,FALSE
7946,7945,Yes,FALSE,FALSE
0,7946,Yes,FALSE,FALSE
7946,7947,Yes,FALSE,FALSE
7947,7948,Yes,FALSE,FALSE
0,7949,Yes,FALSE,FALSE
0,7950,Yes,FALSE,FALSE
7950,7952,Yes,FALSE,FALSE
0,7956,Yes,FALSE,FALSE
7956,7958,Yes,FALSE,FALSE
0,7959,Yes,FALSE,FALSE
0,7962,Yes,FALSE,FALSE
0,7963,Yes,FALSE,FALSE
7963,7964,Yes,FALSE,FALSE
7963,7965,Yes,FALSE,FALSE
7968,7966,Yes,FALSE,FALSE
7968,7967,Yes,FALSE,FALSE
7973,7968,Yes,FALSE,FALSE
7968,7969,Yes,FALSE,FALSE
0,7970,Yes,FALSE,FALSE
0,7971,Yes,FALSE,FALSE
0,7972,Yes,FALSE,FALSE
0,7973,Yes,FALSE,FALSE
0,7974,Yes,FALSE,FALSE
0,7976,Yes,FALSE,FALSE
0,7977,Yes,FALSE,FALSE
7977,7978,Yes,FALSE,FALSE
0,7980,Yes,FALSE,FALSE
0,7982,Yes,FALSE,FALSE
7982,7983,Yes,FALSE,FALSE
0,7986,Yes,FALSE,FALSE
7991,7990,Yes,FALSE,FALSE
0,7991,Yes,FALSE,FALSE
0,7993,Yes,FALSE,FALSE
0,7999,Yes,FALSE,FALSE
7999,8000,Yes,FALSE,FALSE
0,8001,Yes,FALSE,FALSE
7902,8014,Yes,FALSE,FALSE
7902,8029,Yes,FALSE,FALSE
0,8034,Yes,FALSE,FALSE
8034,8041,Yes,FALSE,FALSE
4694,8050,Yes,FALSE,FALSE
0,8051,Yes,FALSE,FALSE
0,8052,Yes,FALSE,FALSE
0,8053,Yes,FALSE,FALSE
0,8054,Yes,FALSE,FALSE
0,8056,Yes,FALSE,FALSE
0,8062,Yes,FALSE,FALSE
0,8064,Yes,FALSE,FALSE
0,8065,Yes,TRUE,TRUE
8065,8066,Yes,FALSE,FALSE
0,8074,Yes,TRUE,FALSE
8056,8078,Yes,FALSE,FALSE
8056,8086,Yes,FALSE,FALSE
0,8093,Yes,FALSE,FALSE
0,8101,Yes,TRUE,FALSE
8101,8102,Yes,FALSE,FALSE
0,8105,Yes,TRUE,FALSE
0,8106,Yes,TRUE,FALSE
8106,8107,Yes,FALSE,FALSE
8106,8108,Yes,FALSE,FALSE
8105,8109,Yes,FALSE,FALSE
0,8111,Yes,FALSE,FALSE
8111,8112,Yes,FALSE,FALSE
8111,8113,Yes,FALSE,FALSE
0,8114,Yes,FALSE,FALSE
0,8116,Yes,FALSE,FALSE
0,8118,Yes,FALSE,FALSE
8116,8119,Yes,FALSE,FALSE
0,8120,Yes,FALSE,FALSE
8116,8122,Yes,FALSE,FALSE
8116,8127,Yes,FALSE,FALSE
0,8128,Yes,FALSE,FALSE
0,8159,Yes,FALSE,FALSE
8128,8160,Yes,FALSE,FALSE
0,8161,Yes,FALSE,FALSE
0,8181,Yes,FALSE,FALSE
0,8182,Yes,FALSE,FALSE
0,8183,Yes,FALSE,FALSE
0,8184,Yes,FALSE,FALSE
0,8191,Yes,TRUE,FALSE
0,8192,Yes,FALSE,FALSE
0,8193,Yes,FALSE,FALSE
0,8198,Yes,TRUE,FALSE
0,8199,To Do,FALSE,FALSE
0,8200,Yes,FALSE,FALSE
8200,8201,Yes,FALSE,FALSE
0,8208,Yes,FALSE,FALSE
0,8213,Yes,FALSE,FALSE
0,8215,Yes,FALSE,FALSE
8215,8216,Yes,FALSE,FALSE
8223,8220,Yes,FALSE,FALSE
8220,8222,Yes,FALSE,FALSE
0,8223,Yes,FALSE,FALSE
8220,8226,Yes,FALSE,FALSE
0,8231,Yes,FALSE,FALSE
0,8238,Yes,FALSE,FALSE
0,8240,Yes,FALSE,FALSE
0,8248,Yes,FALSE,FALSE
0,8253,Yes,FALSE,FALSE
0,8256,Yes,FALSE,FALSE
8256,8266,Yes,FALSE,FALSE
8256,8268,Yes,FALSE,FALSE
8256,8269,Yes,FALSE,FALSE
0,8270,Yes,FALSE,FALSE
0,8276,Yes,FALSE,FALSE
8276,8279,Yes,FALSE,FALSE
8276,8280,Yes,FALSE,FALSE
8276,8281,Yes,FALSE,FALSE
0,8291,Yes,FALSE,FALSE
8291,8292,Yes,FALSE,FALSE
8276,8293,Yes,FALSE,FALSE
8276,8294,Yes,FALSE,FALSE
8276,8295,Yes,FALSE,FALSE
8276,8296,Yes,FALSE,FALSE
8276,8297,Yes,FALSE,FALSE
0,8301,Yes,TRUE,FALSE
0,8305,Yes,FALSE,FALSE
8307,8308,Yes,FALSE,FALSE
8307,8309,Yes,FALSE,FALSE
0,8311,Yes,FALSE,FALSE
0,8312,Yes,FALSE,FALSE
8312,8313,Yes,FALSE,FALSE
0,8318,Yes,TRUE,FALSE
0,8328,Yes,FALSE,FALSE
0,8360,Yes,TRUE,TRUE
0,8365,Yes,FALSE,FALSE
0,8408,Yes,FALSE,FALSE
0,8410,Yes,FALSE,FALSE
8410,8427,Yes,FALSE,FALSE
0,8434,Yes,FALSE,FALSE
0,8439,Yes,FALSE,FALSE
0,8443,Yes,FALSE,FALSE
0,8445,Yes,FALSE,FALSE
0,8448,Yes,FALSE,FALSE
8445,8450,Yes,FALSE,FALSE
0,8451,Yes,FALSE,FALSE
8451,8459,Yes,FALSE,FALSE
8451,8460,Yes,FALSE,FALSE
8460,8461,Yes,FALSE,FALSE
0,8468,Yes,FALSE,FALSE
0,8480,Yes,FALSE,FALSE
8480,8481,Yes,FALSE,FALSE
0,8482,Yes,FALSE,FALSE
0,8483,Yes,FALSE,FALSE
0,8484,Yes,FALSE,FALSE
8484,8485,Yes,FALSE,FALSE
0,8486,Yes,FALSE,FALSE
0,8487,Yes,FALSE,FALSE
8487,8488,Yes,FALSE,FALSE
0,8490,Yes,FALSE,FALSE
0,8493,Yes,FALSE,FALSE
0,8496,Yes,FALSE,FALSE
0,8523,Yes,FALSE,FALSE
0,8528,Yes,FALSE,FALSE
8528,8532,Yes,FALSE,FALSE
8528,8533,Yes,FALSE,FALSE
0,8539,Yes,TRUE,TRUE
0,8541,Yes,FALSE,FALSE
8546,8542,Yes,FALSE,FALSE
0,8545,Yes,FALSE,FALSE
0,8546,Yes,FALSE,FALSE
0,8555,Yes,FALSE,FALSE
0,8559,Yes,FALSE,FALSE
0,8562,Yes,FALSE,FALSE
7858,8566,Yes,FALSE,FALSE
8569,8568,Yes,FALSE,FALSE
0,8569,Yes,FALSE,FALSE
0,8581,Yes,FALSE,FALSE
0,8583,Yes,TRUE,TRUE
0,8650,Yes,FALSE,FALSE
0,8665,Yes,FALSE,FALSE
0,8670,Yes,FALSE,FALSE
8670,8671,Yes,FALSE,FALSE
1812,8674,Yes,FALSE,FALSE
0,8675,Yes,FALSE,FALSE
6773,8681,Yes,FALSE,FALSE
0,8685,Yes,FALSE,FALSE
0,8687,Yes,FALSE,FALSE
7970,8688,Yes,FALSE,FALSE
7971,8689,Yes,FALSE,FALSE
7972,8690,Yes,FALSE,FALSE
8665,8691,Yes,FALSE,FALSE
7925,8692,Yes,FALSE,FALSE
7925,8693,Yes,FALSE,FALSE
0,8695,Yes,FALSE,FALSE
0,8698,Yes,FALSE,FALSE
8698,8700,Yes,FALSE,FALSE
8698,8707,Yes,FALSE,FALSE
0,8714,Yes,FALSE,FALSE
0,8718,Yes,TRUE,FALSE
0,8745,Yes,FALSE,FALSE
8745,8746,Yes,FALSE,FALSE
8745,8747,Yes,FALSE,FALSE
0,8751,Yes,FALSE,FALSE
8751,8756,Yes,FALSE,FALSE
0,8758,Yes,FALSE,FALSE
8758,8761,Yes,FALSE,FALSE
8758,8762,Yes,FALSE,FALSE
0,8763,Yes,FALSE,FALSE
0,8770,Yes,FALSE,FALSE
0,8771,Yes,FALSE,FALSE
8771,8776,Yes,FALSE,FALSE
0,8780,Yes,FALSE,FALSE
0,8781,Yes,FALSE,FALSE
0,8795,Yes,FALSE,FALSE
0,8799,Yes,FALSE,FALSE
0,8818,Yes,FALSE,FALSE
0,8824,Yes,FALSE,FALSE
8824,8825,Yes,FALSE,FALSE
8818,8826,Yes,FALSE,FALSE
0,8864,Yes,FALSE,FALSE
8864,8865,Yes,FALSE,FALSE
0,8866,Yes,FALSE,FALSE
0,8897,Yes,FALSE,FALSE
0,8898,Yes,FALSE,FALSE
0,8899,Yes,FALSE,FALSE
0,8900,Yes,FALSE,FALSE
0,8901,Yes,FALSE,FALSE
8901,8902,Yes,FALSE,FALSE
0,8908,Yes,FALSE,FALSE
0,8909,Yes,FALSE,FALSE
0,8910,Yes,FALSE,FALSE
0,8911,To Do,FALSE,FALSE
0,8914,Yes,FALSE,FALSE
0,8924,Yes,FALSE,FALSE
0,8926,Yes,TRUE,FALSE
8926,8927,Yes,FALSE,FALSE
8926,8928,Yes,FALSE,FALSE
0,8937,Yes,FALSE,FALSE
8937,8938,Yes,FALSE,FALSE
8938,8941,Yes,FALSE,FALSE
0,8942,Yes,FALSE,FALSE
8942,8943,Yes,FALSE,FALSE
0,8944,Yes,FALSE,FALSE
8944,8945,Yes,FALSE,FALSE
8953,8954,Yes,FALSE,FALSE
0,8957,Yes,FALSE,FALSE
8957,8958,Yes,FALSE,FALSE
0,8959,Yes,FALSE,FALSE
8959,8960,Yes,FALSE,FALSE
8959,8961,Yes,FALSE,FALSE
0,8963,Yes,FALSE,FALSE
0,8966,Yes,TRUE,FALSE
8966,8967,Yes,FALSE,FALSE
0,8970,Yes,FALSE,FALSE
0,8973,Yes,FALSE,FALSE
0,8978,Yes,FALSE,FALSE
8978,8987,Yes,FALSE,FALSE
0,8989,Yes,FALSE,FALSE
0,8990,Yes,FALSE,FALSE
0,8991,Yes,TRUE,FALSE
8944,8992,Yes,FALSE,FALSE
0,8993,Yes,FALSE,FALSE
0,8997,Yes,FALSE,FALSE
0,9001,Yes,FALSE,FALSE
0,9002,Yes,TRUE,TRUE
0,9005,Yes,FALSE,FALSE
9002,9010,Yes,FALSE,FALSE
9002,9018,Yes,FALSE,FALSE
9002,9021,Yes,FALSE,FALSE
0,9022,Yes,FALSE,FALSE
9022,9023,Yes,FALSE,FALSE
0,9031,Yes,FALSE,FALSE
9031,9032,Yes,FALSE,FALSE
9031,9039,Yes,FALSE,FALSE
9031,9040,Yes,FALSE,FALSE
0,9047,Yes,FALSE,FALSE
0,9049,Yes,TRUE,TRUE
0,9050,Yes,FALSE,FALSE
0,9051,Yes,TRUE,TRUE
0,9052,To Do,FALSE,FALSE
0,9056,To Do,TRUE,FALSE
0,9065,Yes,TRUE,FALSE
0,9069,Yes,FALSE,FALSE
0,9072,Yes,FALSE,FALSE
0,9086,Yes,FALSE,FALSE
0,9087,Yes,FALSE,FALSE
0,9088,Yes,FALSE,FALSE
9088,9091,Yes,FALSE,FALSE
0,9097,Yes,FALSE,FALSE
0,9103,Yes,FALSE,FALSE
0,9110,Yes,FALSE,FALSE
9110,9111,Yes,FALSE,FALSE
0,9114,Yes,FALSE,FALSE
0,9117,To Do,FALSE,FALSE
0,9119,Yes,FALSE,FALSE
9119,9120,Yes,FALSE,FALSE
0,9121,Yes,FALSE,FALSE
9121,9130,Yes,FALSE,FALSE
0,9132,Yes,FALSE,FALSE
0,9138,Yes,FALSE,FALSE
0,9140,Yes,TRUE,TRUE
7423,9144,Yes,FALSE,FALSE
0,9145,Yes,FALSE,FALSE
0,9156,Yes,FALSE,FALSE
0,9162,Yes,FALSE,FALSE
9167,9165,Yes,FALSE,FALSE
9167,9166,Yes,FALSE,FALSE
0,9167,Yes,FALSE,FALSE
0,9169,Yes,FALSE,FALSE
9169,9173,Yes,FALSE,FALSE
0,9174,Yes,FALSE,FALSE
9174,9175,Yes,FALSE,FALSE
9174,9176,Yes,FALSE,FALSE
0,9183,Yes,FALSE,FALSE
9183,9184,Yes,FALSE,FALSE
9183,9185,Yes,FALSE,FALSE
0,9186,Yes,FALSE,FALSE
0,9187,Yes,TRUE,FALSE
0,9188,Yes,FALSE,FALSE
0,9189,Yes,FALSE,FALSE
0,9190,Yes,FALSE,FALSE
0,9192,Yes,FALSE,FALSE
0,9194,Yes,FALSE,FALSE
0,9216,Yes,FALSE,FALSE
0,9225,To Do,TRUE,FALSE
0,9226,Yes,FALSE,FALSE
0,9237,Yes,FALSE,FALSE
0,9240,Yes,TRUE,FALSE
0,9275,Yes,FALSE,FALSE
0,9280,Yes,FALSE,FALSE
0,9290,Yes,FALSE,FALSE
0,9292,Yes,FALSE,FALSE
0,9293,Yes,FALSE,FALSE
0,9294,Yes,FALSE,FALSE
0,9296,Yes,TRUE,TRUE
3833,9304,Yes,FALSE,FALSE
0,9327,Yes,FALSE,FALSE
0,9342,Yes,FALSE,FALSE
0,9347,Yes,TRUE,FALSE
9347,9349,Yes,FALSE,FALSE
9349,9350,Yes,FALSE,FALSE
9349,9351,Yes,FALSE,FALSE
0,9352,Yes,FALSE,FALSE
0,9353,Yes,FALSE,FALSE
0,9360,Yes,FALSE,FALSE
9360,9365,Yes,FALSE,FALSE
0,9423,Yes,TRUE,FALSE
9423,9424,Yes,FALSE,FALSE
9424,9428,Yes,FALSE,FALSE
9428,9430,Yes,FALSE,FALSE
9451,9442,Yes,FALSE,FALSE
0,9450,Yes,FALSE,FALSE
9450,9451,Yes,FALSE,FALSE
9451,9455,Yes,FALSE,FALSE
9451,9456,Yes,FALSE,FALSE
0,9457,Yes,TRUE,FALSE
0,9466,Yes,FALSE,FALSE
0,9467,Yes,FALSE,FALSE
0,9468,Yes,FALSE,FALSE
0,9471,Yes,TRUE,FALSE
0,9472,Yes,FALSE,FALSE
0,9473,Yes,FALSE,FALSE
9473,9474,Yes,FALSE,FALSE
0,9477,Yes,FALSE,FALSE
0,9478,Yes,FALSE,FALSE
9478,9479,Yes,FALSE,FALSE
0,9482,Yes,FALSE,FALSE
9482,9483,Yes,FALSE,FALSE
0,9484,Yes,FALSE,FALSE
0,9485,Yes,TRUE,FALSE
9485,9486,Yes,FALSE,FALSE
0,9487,Yes,FALSE,FALSE
9487,9488,Yes,FALSE,FALSE
0,9490,Yes,FALSE,FALSE
9490,9491,Yes,FALSE,FALSE
0,9492,Yes,FALSE,FALSE
9492,9493,Yes,FALSE,FALSE
0,9495,Yes,FALSE,FALSE
0,9497,Yes,FALSE,FALSE
0,9500,Yes,FALSE,FALSE
9500,9501,Yes,FALSE,FALSE
0,9502,Yes,TRUE,TRUE
0,9503,Yes,FALSE,FALSE
8970,9504,Yes,FALSE,FALSE
0,9505,Yes,FALSE,FALSE
0,9507,Yes,FALSE,FALSE
9507,9508,Yes,FALSE,FALSE
0,9514,Yes,FALSE,FALSE
0,9515,Yes,FALSE,FALSE
0,9523,Yes,FALSE,FALSE
0,9526,Yes,FALSE,FALSE
0,9527,Yes,TRUE,FALSE
9527,9529,Yes,FALSE,FALSE
0,9540,Yes,FALSE,FALSE
0,9541,Yes,FALSE,FALSE
9592,9542,Yes,FALSE,FALSE
0,9549,Yes,FALSE,FALSE
9549,9550,Yes,FALSE,FALSE
0,9551,Yes,TRUE,FALSE
9551,9552,Yes,FALSE,FALSE
0,9554,Yes,FALSE,FALSE
0,9555,Yes,TRUE,FALSE
9555,9556,Yes,FALSE,FALSE
0,9557,Yes,FALSE,FALSE
0,9558,Yes,FALSE,FALSE
0,9561,Yes,FALSE,FALSE
0,9562,Yes,FALSE,FALSE
0,9563,Yes,FALSE,FALSE
0,9564,Yes,TRUE,FALSE
0,9565,Yes,FALSE,FALSE
0,9568,Yes,FALSE,FALSE
9568,9572,Yes,FALSE,FALSE
0,9574,Yes,FALSE,FALSE
9574,9575,Yes,FALSE,FALSE
0,9576,Yes,FALSE,FALSE
9576,9577,Yes,FALSE,FALSE
9577,9578,Yes,FALSE,FALSE
0,9579,Yes,FALSE,FALSE
9579,9580,Yes,FALSE,FALSE
9580,9583,Yes,FALSE,FALSE
0,9589,Yes,FALSE,FALSE
0,9592,Yes,FALSE,FALSE
9558,9654,Yes,FALSE,FALSE
9558,9655,Yes,FALSE,FALSE
9558,9657,Yes,FALSE,FALSE
9558,9662,Yes,FALSE,FALSE
9558,9687,Yes,FALSE,FALSE
0,9697,Yes,FALSE,FALSE
0,9708,Yes,FALSE,FALSE
0,9709,Yes,FALSE,FALSE
9709,9710,Yes,FALSE,FALSE
9709,9711,Yes,FALSE,FALSE
0,9712,Yes,FALSE,FALSE
0,9718,Yes,FALSE,FALSE
0,9719,Yes,FALSE,FALSE
0,9721,Yes,FALSE,FALSE
9721,9722,Yes,FALSE,FALSE
0,9724,Yes,FALSE,FALSE
0,9726,Yes,FALSE,FALSE
0,9728,Yes,FALSE,FALSE
9728,9729,Yes,FALSE,FALSE
0,9731,Yes,FALSE,FALSE
0,9732,Yes,FALSE,FALSE
9732,9733,Yes,FALSE,FALSE
10063,9735,Yes,FALSE,FALSE
0,9736,Yes,FALSE,FALSE
0,9737,Yes,FALSE,FALSE
9737,9738,Yes,FALSE,FALSE
0,9741,Yes,FALSE,FALSE
9741,9742,Yes,FALSE,FALSE
9741,9745,Yes,FALSE,FALSE
9741,9746,Yes,FALSE,FALSE
9741,9750,Yes,FALSE,FALSE
0,9755,Yes,FALSE,FALSE
0,9758,Yes,FALSE,FALSE
9758,9770,Yes,FALSE,FALSE
0,9772,Yes,FALSE,FALSE
9424,9784,Yes,FALSE,FALSE
0,9785,Yes,FALSE,FALSE
0,9803,Yes,FALSE,FALSE
9803,9810,Yes,FALSE,FALSE
9803,9815,Yes,FALSE,FALSE
9558,9831,Yes,FALSE,FALSE
9558,9832,Yes,FALSE,FALSE
9580,9842,Yes,FALSE,FALSE
9580,9845,Yes,FALSE,FALSE
9580,9846,Yes,FALSE,FALSE
9580,9858,Yes,FALSE,FALSE
9580,9859,Yes,FALSE,FALSE
9724,9868,Yes,FALSE,FALSE
9868,9886,Yes,FALSE,FALSE
9868,9898,Yes,FALSE,FALSE
0,9913,Yes,FALSE,FALSE
9913,9914,Yes,FALSE,FALSE
9913,9919,Yes,FALSE,FALSE
9913,9920,Yes,FALSE,FALSE
9913,9935,Yes,FALSE,FALSE
9913,9939,Yes,FALSE,FALSE
9913,9940,Yes,FALSE,FALSE
9868,9944,Yes,FALSE,FALSE
9944,9950,Yes,FALSE,FALSE
0,9976,Yes,FALSE,FALSE
0,9977,Yes,FALSE,FALSE
9913,9978,Yes,FALSE,FALSE
0,9997,Yes,FALSE,FALSE
9997,9998,Yes,FALSE,FALSE
0,10003,Yes,FALSE,FALSE
10003,10017,Yes,FALSE,FALSE
0,10019,Yes,FALSE,FALSE
10019,10022,Yes,FALSE,FALSE
0,10029,Yes,FALSE,FALSE
0,10034,Yes,FALSE,FALSE
0,10039,Yes,FALSE,FALSE
0,10055,Yes,FALSE,FALSE
10055,10060,Yes,FALSE,FALSE
10055,10061,Yes,FALSE,FALSE
10055,10062,Yes,FALSE,FALSE
0,10063,Yes,FALSE,FALSE
0,10065,Yes,FALSE,FALSE
0,10066,Yes,FALSE,FALSE
10066,10067,Yes,FALSE,FALSE
0,10069,Yes,FALSE,FALSE
0,10070,Yes,FALSE,FALSE
0,10098,Yes,FALSE,FALSE
10098,10099,Yes,FALSE,FALSE
10099,10100,Yes,FALSE,FALSE
0,10101,Yes,FALSE,FALSE
0,10103,Yes,TRUE,TRUE
0,10106,Yes,FALSE,FALSE
0,10107,Yes,FALSE,FALSE
0,10108,Yes,FALSE,FALSE
0,10109,Yes,FALSE,FALSE
10109,10110,Yes,FALSE,FALSE
10110,10113,Yes,FALSE,FALSE
0,10114,Yes,TRUE,FALSE
0,10115,Yes,FALSE,FALSE
0,10116,Yes,FALSE,FALSE
0,10118,Yes,FALSE,FALSE
0,10123,Yes,FALSE,FALSE
0,10126,Yes,TRUE,FALSE
10106,10127,Yes,FALSE,FALSE
0,10128,Yes,FALSE,FALSE
10128,10129,Yes,FALSE,FALSE
0,10130,Yes,FALSE,FALSE
10130,10131,Yes,FALSE,FALSE
0,10132,Yes,FALSE,FALSE
10132,10133,Yes,FALSE,FALSE
0,10134,Yes,FALSE,FALSE
0,10138,Yes,FALSE,FALSE
0,10139,Yes,FALSE,FALSE
0,10141,Yes,FALSE,FALSE
0,10144,Yes,FALSE,FALSE
10144,10145,Yes,FALSE,FALSE
0,10146,Yes,FALSE,FALSE
0,10153,Yes,FALSE,FALSE
10153,10154,Yes,FALSE,FALSE
0,10158,Yes,FALSE,FALSE
0,10159,Yes,FALSE,FALSE
10115,10160,Yes,FALSE,FALSE
0,10165,Yes,FALSE,FALSE
0,10166,Yes,FALSE,FALSE
0,10168,Yes,FALSE,FALSE
0,10169,Yes,TRUE,TRUE
0,10170,Yes,FALSE,FALSE
0,10171,Yes,FALSE,FALSE
0,10178,Yes,FALSE,FALSE
0,10179,Yes,TRUE,FALSE
0,10180,Yes,FALSE,FALSE
10180,10182,Yes,FALSE,FALSE
0,10184,Yes,FALSE,FALSE
0,10190,Yes,FALSE,FALSE
0,10193,Yes,FALSE,FALSE
0,10198,Yes,FALSE,FALSE
0,10202,Yes,FALSE,FALSE
0,10210,Yes,FALSE,FALSE
10210,10213,Yes,FALSE,FALSE
0,10214,Yes,FALSE,FALSE
10069,10218,Yes,FALSE,FALSE
10070,10219,Yes,FALSE,FALSE
0,10221,Yes,FALSE,FALSE
10221,10225,Yes,FALSE,FALSE
10221,10229,Yes,FALSE,FALSE
0,10234,Yes,FALSE,FALSE
0,10247,Yes,FALSE,FALSE
0,10259,Yes,FALSE,FALSE
0,10260,Yes,FALSE,FALSE
0,10268,Yes,TRUE,FALSE
0,10271,Yes,FALSE,FALSE
0,10272,Yes,FALSE,FALSE
0,10276,Yes,FALSE,FALSE
0,10288,Yes,FALSE,FALSE
0,10290,Yes,FALSE,FALSE
10290,10291,Yes,FALSE,FALSE
0,10292,Yes,FALSE,FALSE
10292,10293,Yes,FALSE,FALSE
0,10299,Yes,FALSE,FALSE
10299,10300,Yes,FALSE,FALSE
10300,10301,Yes,FALSE,FALSE
0,10302,Yes,FALSE,FALSE
0,10310,Yes,FALSE,FALSE
0,10314,Yes,FALSE,FALSE
0,10316,Yes,FALSE,FALSE
0,10327,Yes,FALSE,FALSE
0,10434,Yes,FALSE,FALSE
10434,10435,Yes,FALSE,FALSE
10435,10436,Yes,FALSE,FALSE
0,10440,Yes,FALSE,FALSE
10440,10441,Yes,FALSE,FALSE
10441,10442,Yes,FALSE,FALSE
10441,10443,Yes,FALSE,FALSE
0,10444,Yes,TRUE,FALSE
10444,10445,Yes,FALSE,FALSE
0,10458,Yes,FALSE,FALSE
0,10507,Yes,FALSE,FALSE
0,10510,Yes,TRUE,TRUE
10510,10511,Yes,FALSE,FALSE
0,10544,Yes,FALSE,FALSE
0,10555,Yes,FALSE,FALSE
0,10566,Yes,FALSE,FALSE
0,10590,Yes,FALSE,FALSE
0,10622,Yes,FALSE,FALSE
0,10643,Yes,FALSE,FALSE
10643,10647,Yes,FALSE,FALSE
0,10685,Yes,FALSE,FALSE
10685,10686,Yes,FALSE,FALSE
0,10696,Yes,FALSE,FALSE
0,10697,Yes,FALSE,FALSE
0,10698,Yes,FALSE,FALSE
0,10699,Yes,TRUE,FALSE
0,10700,Yes,FALSE,FALSE
0,10701,Yes,FALSE,FALSE
10701,10706,Yes,FALSE,FALSE
10701,10707,Yes,FALSE,FALSE
0,10709,Yes,FALSE,FALSE
0,10710,Yes,FALSE,FALSE
0,10711,Yes,FALSE,FALSE
0,10720,Yes,FALSE,FALSE
0,10731,Yes,FALSE,FALSE
0,10746,Yes,FALSE,FALSE
0,10752,Yes,FALSE,FALSE
10752,10753,Yes,FALSE,FALSE
0,10757,Yes,FALSE,FALSE
0,10758,Yes,TRUE,TRUE
0,10759,Yes,FALSE,FALSE
0,10761,Yes,FALSE,FALSE
0,10763,Yes,FALSE,FALSE
0,10764,Yes,FALSE,FALSE
0,10765,Yes,FALSE,FALSE
0,10766,Yes,FALSE,FALSE
0,10767,Yes,FALSE,FALSE
0,10775,Yes,FALSE,FALSE
0,10784,Yes,FALSE,FALSE
0,10795,Yes,FALSE,FALSE
0,10796,Yes,FALSE,FALSE
0,10797,Yes,FALSE,FALSE
0,10798,Yes,FALSE,FALSE
0,10806,Yes,FALSE,FALSE
0,10817,Yes,TRUE,TRUE
0,10821,Yes,TRUE,TRUE
0,10825,Yes,FALSE,FALSE
0,10926,Yes,FALSE,FALSE
0,10927,Yes,FALSE,FALSE
0,10928,Yes,FALSE,FALSE
0,10929,Yes,FALSE,FALSE
0,10930,Yes,FALSE,FALSE
0,10931,Yes,FALSE,FALSE
0,10933,Yes,FALSE,FALSE
0,10934,Yes,FALSE,FALSE
10934,10935,Yes,FALSE,FALSE
0,10936,Yes,FALSE,FALSE
0,10937,Yes,FALSE,FALSE
0,10938,Yes,TRUE,TRUE
0,10939,Yes,FALSE,FALSE
0,10946,Yes,TRUE,TRUE
0,10958,Yes,FALSE,TRUE
0,10959,Yes,FALSE,FALSE
0,10960,Yes,FALSE,FALSE
0,10961,Yes,FALSE,FALSE
0,11033,Yes,FALSE,FALSE
0,11034,Yes,FALSE,FALSE
0,11100,Yes,FALSE,FALSE
0,11101,Yes,FALSE,FALSE
0,11102,Yes,TRUE,TRUE
0,11103,Yes,FALSE,FALSE
0,11105,Yes,FALSE,FALSE
0,11106,Yes,FALSE,FALSE
0,11107,Yes,FALSE,FALSE
0,11109,Yes,FALSE,FALSE
0,11114,Yes,FALSE,FALSE
0,11115,Yes,FALSE,FALSE
0,11116,Yes,FALSE,FALSE
0,11117,Yes,FALSE,FALSE
0,11119,Yes,FALSE,FALSE
0,11126,Yes,FALSE,FALSE
0,11127,Yes,FALSE,FALSE
0,11128,Yes,FALSE,FALSE
0,11129,Yes,TRUE,TRUE
0,11131,Yes,FALSE,FALSE
0,11168,Yes,FALSE,FALSE
0,11169,Yes,FALSE,FALSE
0,11170,Yes,FALSE,FALSE
0,11173,Yes,FALSE,FALSE
0,11178,Yes,FALSE,FALSE
0,11179,Yes,FALSE,FALSE
0,11180,Yes,FALSE,FALSE
0,11181,Yes,FALSE,FALSE
0,11182,Yes,FALSE,FALSE
0,11183,Yes,FALSE,FALSE
0,11184,Yes,TRUE,TRUE
0,11185,Yes,FALSE,FALSE
0,11186,Yes,FALSE,FALSE
0,11187,Yes,FALSE,FALSE
0,11188,Yes,FALSE,FALSE
0,11189,Yes,FALSE,FALSE
0,11300,Yes,FALSE,FALSE
0,11301,Yes,TRUE,TRUE
0,11302,Yes,FALSE,FALSE
0,11303,Yes,FALSE,FALSE
0,11304,Yes,FALSE,FALSE
0,11305,Yes,TRUE,TRUE
0,11306,Yes,FALSE,FALSE
0,11308,Yes,FALSE,FALSE
0,11309,Yes,FALSE,FALSE
0,11310,Yes,FALSE,FALSE
0,11311,Yes,TRUE,TRUE
0,11312,Yes,TRUE,TRUE
0,11313,Yes,FALSE,FALSE
0,11314,Yes,FALSE,FALSE
0,11315,Yes,FALSE,FALSE
0,11319,Yes,TRUE,FALSE
0,11320,Yes,TRUE,FALSE
0,11321,Yes,FALSE,FALSE
0,11322,Yes,TRUE,TRUE
0,11323,Yes,FALSE,FALSE
0,11324,Yes,TRUE,TRUE
0,11327,Yes,FALSE,FALSE
0,11332,Yes,TRUE,TRUE
0,11334,Yes,TRUE,FALSE
0,11406,Yes,FALSE,FALSE
0,11424,Yes,FALSE,FALSE
0,11428,Yes,FALSE,FALSE
0,11429,Yes,FALSE,FALSE
11429,11430,Yes,FALSE,FALSE
0,11433,Yes,FALSE,FALSE
0,11434,Yes,TRUE,FALSE
0,11437,Yes,FALSE,FALSE
0,11438,Yes,FALSE,FALSE
0,11440,Yes,FALSE,FALSE
